product_id,product_code,product_name,issuer,risk_level,product_type,currency,investment_period,min_investment,start_date,end_date,product_category,income_type,nav_date,initial_nav,accumulated_nav,current_nav
1000018730,Z7003324000976,平安理财天天成长3号82期现金管理类理财产品,平安理财有限责任公司,一级(低),固定收益类,人民币(CNY),每日,0.01,2025/03/20,9999/12/31,03,03,2025-05-16,1.0,1.00251,1.0
1000018731,Z7003324000977,平安理财天天成长3号83期现金管理类理财产品,平安理财有限责任公司,一级(低),固定收益类,人民币(CNY),每日,0.01,2025/03/20,9999/12/31,03,03,2025-05-16,1.0,1.00163,1.0
1000018735,Z7003324000980,平安理财天天成长3号86期现金管理类理财产品,平安理财有限责任公司,一级(低),固定收益类,人民币(CNY),每日,0.01,2025/03/21,9999/12/31,03,03,2025-05-16,1.0,1.00175,1.0
1000018736,Z7003324000981,平安理财天天成长3号87期现金管理类理财产品,平安理财有限责任公司,一级(低),固定收益类,人民币(CNY),每日,0.01,2025/03/21,9999/12/31,03,03,2025-05-16,1.0,1.00175,1.0
1000018739,Z7003324000983,平安理财天天成长3号89期现金管理类理财产品,平安理财有限责任公司,一级(低),固定收益类,人民币(CNY),每日,0.01,2025/03/21,9999/12/31,03,03,2025-05-16,1.0,1.00175,1.0
1000018743,Z7003324000984,平安理财天天成长3号90期现金管理类理财产品,平安理财有限责任公司,一级(低),固定收益类,人民币(CNY),每日,0.01,2025/03/21,9999/12/31,03,03,2025-05-16,1.0,1.00175,1.0
1000018748,Z7003324000989,平安理财天天成长3号95期现金管理类理财产品,平安理财有限责任公司,一级(低),固定收益类,人民币(CNY),每日,0.01,2025/03/06,9999/12/31,03,03,2025-05-16,1.0,1.00408,1.0
1000019120,C1438125000001,净值型系列封闭式第429期人民币理财产品,四川银行股份有限公司,二级(中低),固定收益类,人民币(CNY),3-6个月(含),10000,2025/05/20,2025/08/26,01,03,,,,
1000022917,Z7001024000964,（机构专属）中银理财-乐享天天11号,中银理财有限责任公司,一级(低),固定收益类,人民币(CNY),每日,0.01,2025/03/18,2099/12/31,03,03,2025-05-16,1.0,1.0,1.0
1000022918,Z7001024000965,（机构专属）中银理财-乐享天天12号,中银理财有限责任公司,一级(低),固定收益类,人民币(CNY),每日,0.01,2025/04/25,2099/12/31,03,03,2025-05-16,1.0,1.0,1.0
1000024047,Z7006624000117,广银理财鎏金日日薪23号现金管理类理财产品,广银理财有限责任公司,一级(低),固定收益类,人民币(CNY),每日,1,2025/05/12,2099/12/31,03,03,2025-05-16,1.0,1.0,1.0
1000024632,Z7001424001025,阳光金添利天天购-存单存款利率债策略2号（30天最低持有）,光大理财有限责任公司,二级(中低),固定收益类,人民币(CNY),每日,1,2025/05/20,2099/12/31,03,03,,,,
1000024634,Z7001424001027,阳光金添利天天购-存单存款利率债策略3号（60天最低持有）,光大理财有限责任公司,二级(中低),固定收益类,人民币(CNY),每日,1,2025/05/20,2099/12/31,03,03,,,,
1000024635,Z7001424001028,阳光金添利天天购-存单存款利率债策略2号（14天最低持有）,光大理财有限责任公司,二级(中低),固定收益类,人民币(CNY),每日,1,2025/05/20,2099/12/31,03,03,,,,
1000024676,C1092225000012,“金鹿理财-普惠季享”25010号（共同富裕特别款）银行理财计划,温州银行股份有限公司,二级(中低),固定收益类,人民币(CNY),3-6个月(含),10000,2025/05/21,2025/09/17,01,03,,,,
1000024927,Z7007924001214,民生理财贵竹固收增利双月发60天持有期1号理财产品,民生理财有限责任公司,二级(中低),固定收益类,人民币(CNY),每日,0.01,2025/05/20,2099/12/31,03,03,,,,
1000024935,Z7001624001122,招银理财招赢日日金73号现金管理类理财计划,招银理财有限责任公司,一级(低),固定收益类,人民币(CNY),每日,0.01,2025/03/14,2055/03/14,03,03,2025-05-16,1.0,1.0,1.0
1000025576,Z7003924000647,华夏理财固定收益增强型封闭式理财产品156号,华夏理财有限责任公司,二级(中低),固定收益类,人民币(CNY),1-3年(含),1,2025/05/20,2028/05/16,01,03,,,,
1000025818,Z7002724000604,渝农商理财益进乡村振兴封闭式2025年第42103期,渝农商理财有限责任公司,二级(中低),固定收益类,人民币(CNY),6-12个月(含),1,2025/05/20,2025/11/19,01,03,,,,
1000025879,C1079625000002,“熊猫理财”润利系列D计划理财产品504期子产品,四川天府银行股份有限公司,二级(中低),固定收益类,人民币(CNY),1-3年(含),10000,2025/05/20,2026/08/05,01,03,,,,
1000026585,Z7001624001172,招银理财招赢日日金75号现金管理类理财计划,招银理财有限责任公司,一级(低),固定收益类,人民币(CNY),每日,0.01,2025/03/21,2055/03/21,03,03,2025-05-16,1.0,1.0,1.0
1000026658,Z7006624000134,广银理财幸福添利2个月持有期固定收益类理财产品第2号,广银理财有限责任公司,二级(中低),固定收益类,人民币(CNY),每日,1,2025/05/20,2099/12/31,03,03,,,,
1000026708,Z7002725000045,渝农商理财益进封闭式2025年第51317期,渝农商理财有限责任公司,二级(中低),固定收益类,人民币(CNY),1-3年(含),1,2025/05/22,2026/06/24,01,03,,,,
1000026716,Z7001424001155,阳光碧乐活114号,光大理财有限责任公司,一级(低),固定收益类,人民币(CNY),每日,0.01,2025/03/11,2099/12/31,03,03,2025-05-16,1.0,1.0,1.0
1000027279,Z7007924001314,民生理财富竹纯债182天持有期24号理财产品,民生理财有限责任公司,二级(中低),固定收益类,人民币(CNY),每日,0.01,2025/05/21,2099/12/31,03,03,,,,
1000027356,Z7001624001201,招银理财招睿美元慧盈（标普500）封闭9号固收类理财计划,招银理财有限责任公司,二级(中低),固定收益类,美元(USD),3-6个月(含),1,2025/05/22,2025/11/21,01,03,,,,
1000027840,Z7001424001232,阳光金安心计划-存单存款策略88期（封闭式）,光大理财有限责任公司,一级(低),固定收益类,人民币(CNY),3-6个月(含),1,2025/05/22,2025/11/19,01,03,,,,
1000028042,C1274025000035,包头农商银行智赢系列理财2025年第23期,包头农村商业银行股份有限公司,二级(中低),固定收益类,人民币(CNY),3-6个月(含),10000,2025/05/20,2025/09/03,01,03,,,,
1000028134,C1104325000028,北京农商银行金凤凰理财浓情封闭式固收2025年118期人民币理财产品,北京农村商业银行股份有限公司,二级(中低),固定收益类,人民币(CNY),3-6个月(含),10000,2025/05/21,2025/08/27,01,03,,,,
1000028149,C1104325000040,北京农商银行金凤凰理财浓享封闭式固收2025年609期人民币理财产品,北京农村商业银行股份有限公司,二级(中低),固定收益类,人民币(CNY),1-3年(含),10000,2025/05/20,2026/12/08,01,03,,,,
1000028178,C1104325000064,北京农商银行金凤凰理财浓情金色时光悦享封闭式固收2025年218期人民币理财产品,北京农村商业银行股份有限公司,二级(中低),固定收益类,人民币(CNY),6-12个月(含),10000,2025/05/21,2025/12/03,01,03,,,,
1000028207,C1104325000084,北京农商银行金凤凰理财浓情封闭式固收2025年270期人民币理财产品,北京农村商业银行股份有限公司,二级(中低),固定收益类,人民币(CNY),6-12个月(含),10000,2025/05/27,2026/03/03,01,03,,,,
1000028611,Z7001024001038,中银理财-惠享天天21号,中银理财有限责任公司,一级(低),固定收益类,人民币(CNY),每日,0.01,2025/03/28,9999/12/31,03,03,2025-05-16,1.0,1.0,1.0
1000028813,Z7002024003180,兴银理财稳利安盈封闭式2025年25期固收类理财产品,兴银理财有限责任公司,一级(低),固定收益类,人民币(CNY),3-6个月(含),1,2025/05/27,2025/09/25,01,03,,,,
1000029279,Z7001924001347,中邮理财悦鑫·鸿运封闭式2025年第18期人民币理财产品,中邮理财有限责任公司,二级(中低),固定收益类,人民币(CNY),1-3年(含),1,2025/05/21,2027/07/28,01,03,,,,
1000029738,C1082724000103,广州银行红棉添盈均衡理财产品（封闭式）,广州银行股份有限公司,二级(中低),固定收益类,人民币(CNY),1-3年(含),10000,2025/05/20,2026/06/25,01,03,,,,
1000029760,C1090425000012,丰盈封闭式理财产品25022期,晋商银行股份有限公司,二级(中低),固定收益类,人民币(CNY),1-3年(含),10000,2025/05/22,2026/12/03,01,03,,,,
1000029761,C1090425000013,丰盈封闭式理财产品25026期,晋商银行股份有限公司,二级(中低),固定收益类,人民币(CNY),6-12个月(含),10000,2025/05/20,2026/05/21,01,03,,,,
1000029867,C1122725000034,乐惠稳盈2025年第13期封闭净值型人民币理财产品,杭州联合农村商业银行股份有限公司,二级(中低),固定收益类,人民币(CNY),3-6个月(含),10000,2025/05/21,2025/08/20,01,03,,,,
1000029946,C1122725000066,乐惠稳盈金色颐年2025年第9期封闭净值型人民币理财产品,杭州联合农村商业银行股份有限公司,二级(中低),固定收益类,人民币(CNY),1-3年(含),10000,2025/05/22,2028/05/11,01,03,,,,
1000029976,Z7003924000713,华夏理财悦安封闭式理财产品176号,华夏理财有限责任公司,一级(低),固定收益类,人民币(CNY),3-6个月(含),1,2025/05/21,2025/10/14,01,03,,,,
1000030092,Z7001924001370,安鑫投·鸿运封闭式2025年第3期,中邮理财有限责任公司,二级(中低),固定收益类,人民币(CNY),1-3年(含),1,2025/05/22,2026/09/03,01,03,,,,
1000030327,Z7002725000066,渝农商理财益进丰收封闭式2025年第41512期,渝农商理财有限责任公司,二级(中低),固定收益类,人民币(CNY),6-12个月(含),1,2025/05/22,2026/02/26,01,03,,,,
1000030571,C1082924000262,润悦1号第700期,珠海华润银行股份有限公司,二级(中低),固定收益类,人民币(CNY),6-12个月(含),50000,2025/05/21,2025/12/03,01,03,,,,
1000030829,Z7002024003341,兴银理财稳添利日盈增利85号日开固收类理财产品,兴银理财有限责任公司,一级(低),固定收益类,人民币(CNY),每日,1,2025/03/05,2099/12/30,03,03,2025-05-16,1.0,1.00522,1.00522
1000030916,Z7007125000017,上银理财“稳添利”系列开放式理财产品WPAK25M1310期,上银理财有限责任公司,二级(中低),固定收益类,人民币(CNY),1-3年(含),0.01,2025/05/21,2055/05/19,03,03,,,,
1000031192,Z7008125000070,恒丰理财恒惠新丰利第586期,恒丰理财有限责任公司,二级(中低),固定收益类,人民币(CNY),6-12个月(含),1,2025/05/21,2026/03/05,01,03,,,,
1000031455,C1092425000037,百合花定期理财3月型25018期,湖州银行股份有限公司,二级(中低),固定收益类,人民币(CNY),3-6个月(含),10000,2025/05/21,2025/08/28,01,03,,,,
1000031470,C1092425000047,百合花定期理财6月型25018期,湖州银行股份有限公司,二级(中低),固定收益类,人民币(CNY),6-12个月(含),10000,2025/05/21,2025/12/04,01,03,,,,
1000031490,C1092425000052,百合花定期理财1年型25018期,湖州银行股份有限公司,二级(中低),固定收益类,人民币(CNY),1-3年(含),10000,2025/05/21,2026/05/28,01,03,,,,
1000031838,Z7001925000050,中邮理财合盛多元·鸿锦封闭式2025年第2期人民币理财产品,中邮理财有限责任公司,二级(中低),固定收益类,人民币(CNY),1-3年(含),1,2025/05/27,2027/07/20,01,03,,,,
1000031918,Z7002025000018,兴银理财稳添利ESG日盈增利83号日开固收类理财产品,兴银理财有限责任公司,一级(低),固定收益类,人民币(CNY),每日,1,2025/02/20,2099/12/30,03,03,2025-05-16,1.0,1.01349,1.01349
1000031977,Z7006925000065,浦银理财悦丰利添盈130号理财产品,浦银理财有限责任公司,二级(中低),固定收益类,人民币(CNY),6-12个月(含),1,2025/05/23,2026/01/08,01,03,,,,
1000032022,Z7008425000027,渤银理财财收有略系列固定收益类六个月封闭式理财产品2025年9号,渤银理财有限责任公司,二级(中低),固定收益类,人民币(CNY),6-12个月(含),1,2025/05/20,2025/11/27,01,03,,,,
1000032121,Z7006925000096,浦银理财悦享利封闭式334号理财产品,浦银理财有限责任公司,二级(中低),固定收益类,人民币(CNY),1-3年(含),1,2025/05/20,2026/08/06,01,03,,,,
1000032859,Z7002625000029,信银理财安盈象固收稳健十四个月封闭式64号理财产品,信银理财有限责任公司,二级(中低),固定收益类,人民币(CNY),1-3年(含),1,2025/05/23,2026/07/21,01,03,,,,
1000033252,Z7007125000092,上银理财“汇享利”系列封闭式理财产品WPUF25Y03005期,上银理财有限责任公司,二级(中低),固定收益类,人民币(CNY),3年以上,0.01,2025/05/20,2028/05/23,01,03,,,,
1000033517,C1137625000002,昆仑财富•油金赢系列封闭式净值型理财产品（2025年第8期）,昆仑银行股份有限公司,二级(中低),固定收益类,人民币(CNY),6-12个月(含),10000,2025/05/22,2026/05/22,01,03,,,,
1000033729,Z7002425000038,徽银理财徽安现金管理类理财产品39号,徽银理财有限责任公司,一级(低),固定收益类,人民币(CNY),每日,0.01,2025/02/27,2099/12/31,03,03,2025-05-16,1.0,1.0,1.0
1000033940,Z7007925000046,民生理财贵竹固收增利目标盈封闭22号理财产品,民生理财有限责任公司,二级(中低),固定收益类,人民币(CNY),1-3年(含),0.01,2025/05/22,2026/07/17,01,03,,,,
1000033981,Z7003925000082,华夏理财固定收益债权型封闭式理财产品421号,华夏理财有限责任公司,二级(中低),固定收益类,人民币(CNY),3-6个月(含),1,2025/05/21,2025/09/26,01,03,,,,
1000033992,Z7003925000091,华夏理财固定收益债权型封闭式理财产品413号,华夏理财有限责任公司,二级(中低),固定收益类,人民币(CNY),1-3年(含),1,2025/05/21,2026/07/15,01,03,,,,
1000034117,Z7007925000053,民生理财天天增利现金管理182号理财产品,民生理财有限责任公司,一级(低),固定收益类,人民币(CNY),每日,0.01,2025/02/21,2099/12/31,03,03,2025-05-16,1.0,1.00378,1.0
1000034151,Z7002625000095,信银理财安盈象固收稳利封闭式529号理财产品,信银理财有限责任公司,二级(中低),固定收益类,人民币(CNY),1-3年(含),1,2025/05/21,2027/07/28,01,03,,,,
1000034157,Z7002625000099,信银理财安盈象固收稳利封闭式488号理财产品,信银理财有限责任公司,二级(中低),固定收益类,人民币(CNY),1-3年(含),1,2025/05/22,2026/07/01,01,03,,,,
1000034313,Z7003925000163,华夏理财固定收益债权型封闭式理财产品427号,华夏理财有限责任公司,二级(中低),固定收益类,人民币(CNY),1-3年(含),1,2025/05/21,2026/07/15,01,03,,,,
1000034396,Z7008425000078,渤银理财财收有略系列固定收益类一年封闭式理财产品2025年23号,渤银理财有限责任公司,二级(中低),固定收益类,人民币(CNY),1-3年(含),1,2025/05/20,2026/06/11,01,03,,,,
1000034437,Z7001125000034,农银理财现金管理类33号理财产品,农银理财有限责任公司,一级(低),固定收益类,人民币(CNY),每日,0.01,2025/03/18,2035/03/19,03,03,,,,
1000034623,Z7002025000120,兴银理财添利天天利48号现金管理型理财产品,兴银理财有限责任公司,一级(低),固定收益类,人民币(CNY),每日,0.01,2025/03/19,2099/12/30,03,03,2025-05-16,1.0,1.0,1.0
1000034624,Z7002025000121,兴银理财添利天天利51号现金管理型理财产品,兴银理财有限责任公司,一级(低),固定收益类,人民币(CNY),每日,0.01,2025/03/13,2099/12/30,03,03,2025-05-16,1.0,1.0,1.0
1000034626,Z7002025000123,兴银理财添利天天利44号现金管理型理财产品,兴银理财有限责任公司,一级(低),固定收益类,人民币(CNY),每日,0.01,2025/03/21,2099/12/30,03,03,2025-05-16,1.0,1.0,1.0
1000034630,Z7002025000127,兴银理财添利天天利53号现金管理型理财产品,兴银理财有限责任公司,一级(低),固定收益类,人民币(CNY),每日,0.01,2025/03/28,2099/12/30,03,03,2025-05-16,1.0,1.0,1.0
1000034632,Z7002025000129,兴银理财添利天天利38号现金管理型理财产品,兴银理财有限责任公司,一级(低),固定收益类,人民币(CNY),每日,0.01,2025/02/19,2099/12/30,03,03,2025-05-16,1.0,1.0,1.0
1000034633,Z7002025000130,兴银理财添利天天利45号现金管理型理财产品,兴银理财有限责任公司,一级(低),固定收益类,人民币(CNY),每日,0.01,2025/03/21,2099/12/30,03,03,2025-05-16,1.0,1.0,1.0
1000034635,Z7002025000132,兴银理财添利天天利46号现金管理型理财产品,兴银理财有限责任公司,一级(低),固定收益类,人民币(CNY),每日,0.01,2025/03/21,2099/12/30,03,03,2025-05-16,1.0,1.0,1.0
1000034636,Z7002025000133,兴银理财添利天天利55号现金管理型理财产品,兴银理财有限责任公司,一级(低),固定收益类,人民币(CNY),每日,0.01,2025/03/28,2099/12/30,03,03,2025-05-16,1.0,1.0,1.0
1000034638,Z7002025000135,兴银理财添利天天利47号现金管理型理财产品,兴银理财有限责任公司,一级(低),固定收益类,人民币(CNY),每日,0.01,2025/03/21,2099/12/30,03,03,2025-05-16,1.0,1.0,1.0
1000034640,Z7002025000137,兴银理财添利天天利43号现金管理型理财产品,兴银理财有限责任公司,一级(低),固定收益类,人民币(CNY),每日,0.01,2025/03/21,2099/12/30,03,03,2025-05-16,1.0,1.0,1.0
1000034747,Z7000725000113,建信理财嘉鑫（稳利存款及存单）固收类封闭式产品2025年第124期,建信理财有限责任公司,二级(中低),固定收益类,人民币(CNY),6-12个月(含),1,2025/05/20,2026/04/28,01,03,,,,
1000034882,Z7001425000097,阳光碧乐活122号,光大理财有限责任公司,一级(低),固定收益类,人民币(CNY),每日,0.01,2025/02/28,2099/12/31,03,03,2025-05-16,1.0,1.00205,1.0
1000034955,Z7003325000058,平安理财新启航第498期封闭固收类理财产品,平安理财有限责任公司,二级(中低),固定收益类,人民币(CNY),6-12个月(含),1,2025/05/22,2025/12/25,01,03,,,,
1000035015,Z7001425000134,阳光碧乐活129号,光大理财有限责任公司,一级(低),固定收益类,人民币(CNY),每日,0.01,2025/03/14,2099/12/31,03,03,2025-05-16,1.0,1.0026,1.0
1000035344,Z7008125000137,恒丰理财恒惠新丰利第517期,恒丰理财有限责任公司,二级(中低),固定收益类,人民币(CNY),3-6个月(含),1,2025/05/21,2025/11/19,01,03,,,,
1000035381,Z7008125000174,恒丰理财恒仁安盈固收增强封闭式第45期,恒丰理财有限责任公司,二级(中低),固定收益类,人民币(CNY),1-3年(含),1,2025/05/23,2026/11/20,01,03,,,,
1000035462,Z7001925000135,中邮理财恒利·鸿运封闭式2025年第60期人民币理财产品,中邮理财有限责任公司,一级(低),固定收益类,人民币(CNY),3-6个月(含),1,2025/05/21,2025/08/27,01,03,,,,
1000035594,Z7001925000157,中邮理财恒利·鸿运封闭式2025年第79期人民币理财产品,中邮理财有限责任公司,一级(低),固定收益类,人民币(CNY),6-12个月(含),1,2025/05/20,2026/04/14,01,03,,,,
1000035653,C1088325000006,金达创富理财SD7833号,齐商银行股份有限公司,二级(中低),固定收益类,人民币(CNY),6-12个月(含),10000,2025/05/21,2026/02/26,01,03,,,,
1000035707,Z7003225000119,南银理财添瑞日日聚宝13号现金管理类公募人民币理财产品,南银理财有限责任公司,一级(低),固定收益类,人民币(CNY),每日,0.01,2025/05/21,2035/12/28,03,03,,,,
1000035876,Z7002025000173,兴银理财稳添利日盈36号日开固收类理财产品,兴银理财有限责任公司,一级(低),固定收益类,人民币(CNY),每日,1,2025/03/27,2099/12/30,03,03,2025-05-16,1.0,1.0053,1.0053
1000035878,Z7002025000175,兴银理财稳添利日盈35号日开固收类理财产品,兴银理财有限责任公司,一级(低),固定收益类,人民币(CNY),每日,1,2025/02/27,2099/12/30,03,03,2025-05-16,1.0,1.00913,1.00913
1000036230,C1210125000006,珠海农商银行金贝壳贝尊系列第403期理财产品,珠海农村商业银行股份有限公司,二级(中低),固定收益类,人民币(CNY),3-6个月(含),10000,2025/05/22,2025/09/05,01,03,,,,
1000036311,Z7000725000128,建信理财睿鑫固收类封闭式产品2025年第35期,建信理财有限责任公司,二级(中低),固定收益类,人民币(CNY),6-12个月(含),1,2025/05/20,2026/03/19,01,03,,,,
1000036399,Z7007025000014,施罗德交银理财得润安盈美元（QDII）1年封闭式2505理财产品,施罗德交银理财有限公司,一级(低),固定收益类,美元(USD),6-12个月(含),1,2025/05/22,2026/05/20,01,03,,,,
1000036438,Z7002125000068,宁银理财宁欣固定收益类封闭式理财2399号,宁银理财有限责任公司,二级(中低),固定收益类,人民币(CNY),6-12个月(含),1,2025/05/22,2025/12/11,01,03,,,,
1000036440,Z7002125000070,宁银理财宁欣固定收益类封闭式理财2402号,宁银理财有限责任公司,二级(中低),固定收益类,人民币(CNY),3-6个月(含),1,2025/05/22,2025/09/11,01,03,,,,
1000036804,C1104425000031,元亨第2524期净值型人民币理财产品,天津农村商业银行股份有限公司,二级(中低),固定收益类,人民币(CNY),3-6个月(含),10000,2025/05/19,2025/11/18,01,03,,,,
1000037284,Z7008125000210,恒丰理财恒惠新丰利第1001期,恒丰理财有限责任公司,二级(中低),固定收益类,人民币(CNY),3-6个月(含),1,2025/05/21,2025/08/27,01,03,,,,
1000037295,Z7008125000221,恒丰理财恒惠新丰利第871期,恒丰理财有限责任公司,二级(中低),固定收益类,人民币(CNY),3-6个月(含),1,2025/05/22,2025/11/20,01,03,,,,
1000037298,Z7008125000224,恒丰理财恒惠安心第254期,恒丰理财有限责任公司,二级(中低),固定收益类,人民币(CNY),1-3年(含),1,2025/05/22,2026/08/25,01,03,,,,
1000037316,Z7008125000242,恒丰理财恒惠安心第203期,恒丰理财有限责任公司,二级(中低),固定收益类,人民币(CNY),1-3年(含),1,2025/05/20,2026/07/14,01,03,,,,
1000037349,Z7002425000057,徽银理财“安盈”稳进1年持有期2号理财产品,徽银理财有限责任公司,二级(中低),固定收益类,人民币(CNY),每日,1,2025/05/21,2099/12/31,03,03,,,,
1000037407,Z7001425000271,阳光金丰利17期（工行专属）,光大理财有限责任公司,二级(中低),固定收益类,人民币(CNY),1-3年(含),200000,2025/05/22,2026/06/26,01,03,,,,
1000037564,Z7002725000199,渝农商理财益尊金禧江渝传承封闭式2025年第51825期,渝农商理财有限责任公司,二级(中低),固定收益类,人民币(CNY),1-3年(含),1,2025/05/20,2026/11/19,01,03,,,,
1000037629,Z7001425000308,阳光碧乐活133号,光大理财有限责任公司,一级(低),固定收益类,人民币(CNY),每日,0.01,2025/03/11,2099/12/31,03,03,2025-05-16,1.0,1.00012,1.0
1000037800,Z7002225000065,幸福99金钱包42号理财,杭银理财有限责任公司,一级(低),固定收益类,人民币(CNY),每日,0.01,2025/03/21,2099/12/31,03,03,2025-05-16,1.0,1.0,1.0
1000037867,Z7007125000115,上银理财“美好”系列稳健理财产品WPWF25M06020期,上银理财有限责任公司,二级(中低),固定收益类,人民币(CNY),6-12个月(含),1,2025/05/20,2025/11/25,01,03,,,,
1000038128,C1082925000021,润悦1号第732期,珠海华润银行股份有限公司,二级(中低),固定收益类,人民币(CNY),3-6个月(含),50000,2025/05/21,2025/08/27,01,03,,,,
1000038143,C1082925000036,润悦1号第733期,珠海华润银行股份有限公司,二级(中低),固定收益类,人民币(CNY),3-6个月(含),50000,2025/05/21,2025/09/24,01,03,,,,
1000038148,C1082925000041,润悦1号第753期,珠海华润银行股份有限公司,二级(中低),固定收益类,人民币(CNY),1-3年(含),50000,2025/05/21,2027/05/26,01,03,,,,
1000038317,Z7001025000242,中银理财-怡享天天56号,中银理财有限责任公司,一级(低),固定收益类,人民币(CNY),每日,0.01,2025/03/13,9999/12/31,03,03,2025-05-16,1.0,1.0,1.0
1000038454,C1128825000033,龙银理财睿益系列债券稳健（行内标识码RY-ZQWJ2025014）,龙江银行股份有限公司,二级(中低),固定收益类,人民币(CNY),1-3年(含),10000,2025/05/19,2026/05/19,01,03,,,,
1000038537,Z7003925000215,华夏理财现金管理类理财产品106号,华夏理财有限责任公司,一级(低),固定收益类,人民币(CNY),每日,0.01,2025/03/14,9999/12/31,03,03,2025-05-16,1.0,1.0,1.0
1000038539,Z7003925000217,华夏理财现金管理类理财产品109号,华夏理财有限责任公司,一级(低),固定收益类,人民币(CNY),每日,0.01,2025/03/14,9999/12/31,03,03,2025-05-16,1.0,1.0,1.0
1000038556,Z7003925000230,华夏理财现金管理类理财产品108号,华夏理财有限责任公司,一级(低),固定收益类,人民币(CNY),每日,0.01,2025/03/07,9999/12/31,03,03,2025-05-16,1.0,1.0,1.0
1000038557,Z7003925000231,华夏理财悦安鑫固定收益纯债型封闭式理财产品10号,华夏理财有限责任公司,二级(中低),固定收益类,人民币(CNY),3-6个月(含),1,2025/05/23,2025/09/17,01,03,,,,
1000038571,C1128825000055,龙银理财幸福龙江理财产品（行内标识码YL2025035）,龙江银行股份有限公司,二级(中低),固定收益类,人民币(CNY),1-3年(含),10000,2025/05/21,2026/11/27,01,03,,,,
1000038760,C1091725000024,“富聚财富”鑫益系列人民币理财计划2524期,富滇银行股份有限公司,二级(中低),固定收益类,人民币(CNY),6-12个月(含),10000,2025/05/21,2026/05/21,01,03,,,,
1000038763,C1091725000026,“富聚财富”鑫益系列人民币理财计划2518期,富滇银行股份有限公司,二级(中低),固定收益类,人民币(CNY),1-3年(含),10000,2025/05/21,2026/07/23,01,03,,,,
1000038859,Z7000725000178,建信理财睿鑫（目标盈）固收类封闭式产品2025年第43期,建信理财有限责任公司,二级(中低),固定收益类,人民币(CNY),1-3年(含),1,2025/05/20,2026/06/11,01,03,,,,
1000039266,Z7002725000223,渝农商理财益进丰收封闭式2025年第41530期,渝农商理财有限责任公司,二级(中低),固定收益类,人民币(CNY),6-12个月(含),1,2025/05/22,2026/02/26,01,03,,,,
1000039275,Z7002725000232,渝农商理财益进丰收封闭式2025年第51545期,渝农商理财有限责任公司,二级(中低),固定收益类,人民币(CNY),1-3年(含),1,2025/05/22,2026/06/15,01,03,,,,
1000039487,Z7003725000100,汇华理财-趋势指南封闭式固定收益类理财产品2544期,汇华理财有限公司,二级(中低),固定收益类,人民币(CNY),6-12个月(含),1,2025/05/20,2026/01/28,01,03,,,,
1000039508,Z7002025000284,兴银理财稳添利日盈增利94号日开固收类理财产品,兴银理财有限责任公司,一级(低),固定收益类,人民币(CNY),每日,1,2025/03/26,2099/12/30,03,03,2025-05-16,1.0,1.00948,1.00948
1000039655,Z7008425000117,渤银理财理财有术系列持盈180天最短持有期固收理财产品2号,渤银理财有限责任公司,二级(中低),固定收益类,人民币(CNY),每日,1,2025/05/20,9999/12/31,03,03,,,,
1000039691,Z7001925000284,中邮理财优盛·鸿锦封闭式2025年第33期人民币理财产品,中邮理财有限责任公司,二级(中低),固定收益类,人民币(CNY),1-3年(含),1,2025/05/19,2028/08/08,01,03,,,,
1000039711,Z7001025000274,中银理财全球配置高评级美元封闭2545,中银理财有限责任公司,一级(低),固定收益类,美元(USD),3-6个月(含),1,2025/05/20,2025/10/21,01,03,,,,
1000039756,Z7008425000122,渤银理财财收有略系列固定收益类一年封闭式理财产品2025年33号,渤银理财有限责任公司,二级(中低),固定收益类,人民币(CNY),1-3年(含),1,2025/05/20,2026/06/11,01,03,,,,
1000039787,Z7001625000226,招银理财招睿美元天添金360天持有期1号固定收益类理财计划,招银理财有限责任公司,一级(低),固定收益类,美元(USD),每日,1,2025/04/29,2055/04/29,03,03,2025-05-16,1.0,1.0012,1.0012
1000039788,Z7001625000227,招银理财招睿美元天添金30天持有期1号固定收益类理财计划,招银理财有限责任公司,一级(低),固定收益类,美元(USD),每日,1,2025/04/29,2055/04/29,03,03,2025-05-16,1.0,1.0014,1.0014
1000039837,Z7002725000297,渝农商理财益进封闭式2025年第51320期,渝农商理财有限责任公司,二级(中低),固定收益类,人民币(CNY),1-3年(含),1,2025/05/22,2026/06/24,01,03,,,,
1000040027,Z7007025000033,施罗德交银理财得润安盈美元6个月封闭式2519理财产品,施罗德交银理财有限公司,一级(低),固定收益类,美元(USD),3-6个月(含),1,2025/05/20,2025/11/19,01,03,,,,
1000040085,Z7003325000119,平安理财天天成长3号114期现金管理类理财产品,平安理财有限责任公司,一级(低),固定收益类,人民币(CNY),每日,0.01,2025/04/02,9999/12/31,03,03,2025-05-16,1.0,1.00164,1.0
1000040172,Z7000925000306,交银理财稳享智选日开14号（90天持有期）理财产品,交银理财有限责任公司,二级(中低),固定收益类,人民币(CNY),每日,1,2025/05/20,2099/12/30,03,03,,,,
1000040326,Z7001625000246,招银理财招睿嘉和稳选封闭35号增强型固收类理财计划,招银理财有限责任公司,二级(中低),固定收益类,人民币(CNY),1-3年(含),1,2025/05/23,2027/07/23,01,03,,,,
1000040412,Z7009825000018,法巴农银理财珐琅蓝固定收益类封闭式B001期（私行尊享）,法巴农银理财有限责任公司,二级(中低),固定收益类,人民币(CNY),6-12个月(含),1,2025/05/22,2026/03/19,01,03,,,,
1000040426,Z7008925000067,北银理财京华远见春系列高远188天持有期1号理财产品,北银理财有限责任公司,二级(中低),固定收益类,人民币(CNY),每日,1,2025/05/23,2099/12/31,03,03,,,,
1000040471,Z7002425000085,徽银理财徽安现金管理类理财产品42号,徽银理财有限责任公司,一级(低),固定收益类,人民币(CNY),每日,0.01,2025/03/11,2099/12/31,03,03,2025-05-16,1.0,1.0,1.0
1000040474,Z7002425000087,徽银理财徽安现金管理类理财产品41号,徽银理财有限责任公司,一级(低),固定收益类,人民币(CNY),每日,0.01,2025/03/11,2099/12/31,03,03,2025-05-16,1.0,1.0,1.0
1000040481,C1081525000006,渤海聚盈系列2025第56期理财产品,营口银行股份有限公司,二级(中低),固定收益类,人民币(CNY),3-6个月(含),10000,2025/05/21,2025/11/19,01,03,,,,
1000040491,C1081525000016,渤海聚盈系列2025第57期理财产品,营口银行股份有限公司,二级(中低),固定收益类,人民币(CNY),6-12个月(含),10000,2025/05/21,2026/05/20,01,03,,,,
1000040500,C1081525000025,渤海聚盈系列2025第55期理财产品,营口银行股份有限公司,二级(中低),固定收益类,人民币(CNY),1-3个月(含),10000,2025/05/21,2025/08/20,01,03,,,,
1000040560,Z7008925000069,北银理财京华远见春系列天天金32号理财产品,北银理财有限责任公司,一级(低),固定收益类,人民币(CNY),每日,1,2025/05/16,2099/12/31,03,03,,,,
1000040563,Z7008925000072,北银理财京华远见春系列天天金33号理财产品,北银理财有限责任公司,一级(低),固定收益类,人民币(CNY),每日,1,2025/05/16,2099/12/31,03,03,,,,
1000040564,Z7008925000073,北银理财京华远见春系列天天金31号理财产品,北银理财有限责任公司,一级(低),固定收益类,人民币(CNY),每日,1,2025/04/11,2099/12/31,03,03,2025-05-16,1.0,1.0043,1.0043
1000040685,C1104425000053,吉享人生第25006期净值型人民币理财产品,天津农村商业银行股份有限公司,二级(中低),固定收益类,人民币(CNY),1-3年(含),10000,2025/05/23,2026/12/02,01,03,,,,
1000040717,C1122725000096,乐惠稳盈2025年第105期封闭净值型人民币理财产品,杭州联合农村商业银行股份有限公司,二级(中低),固定收益类,人民币(CNY),1-3年(含),10000,2025/05/21,2027/07/01,01,03,,,,
1000040730,C1122725000109,乐惠稳盈2025年第104期封闭净值型人民币理财产品,杭州联合农村商业银行股份有限公司,二级(中低),固定收益类,人民币(CNY),1-3年(含),10000,2025/05/20,2026/06/09,01,03,,,,
1000040758,C1122725000137,乐惠稳盈2025年第106期封闭净值型人民币理财产品,杭州联合农村商业银行股份有限公司,二级(中低),固定收益类,人民币(CNY),1-3年(含),10000,2025/05/20,2026/06/09,01,03,,,,
1000040859,Z7001425000424,阳光橙安盈增强14期（封闭式）,光大理财有限责任公司,二级(中低),混合类,人民币(CNY),1-3年(含),1,2025/05/20,2026/08/12,01,03,,,,
1000040963,Z7002025000400,兴银理财稳利安盈封闭式2025年460期固收类理财产品,兴银理财有限责任公司,一级(低),固定收益类,人民币(CNY),3-6个月(含),1,2025/05/27,2025/09/28,01,03,,,,
1000041092,Z7003925000295,华夏理财固定收益债权型封闭式理财产品510号,华夏理财有限责任公司,二级(中低),固定收益类,人民币(CNY),1-3年(含),1,2025/05/20,2026/07/14,01,03,,,,
1000041098,Z7003925000297,华夏理财固定收益债权型封闭式理财产品508号,华夏理财有限责任公司,二级(中低),固定收益类,人民币(CNY),1-3年(含),1,2025/05/20,2026/07/14,01,03,,,,
1000041139,C1081025000042,大连银行鲲鹏理财悦享封闭净值型理财产品2025年第38期,大连银行股份有限公司,二级(中低),固定收益类,人民币(CNY),6-12个月(含),10000,2025/05/22,2026/03/05,01,03,,,,
1000041143,C1081025000046,大连银行鲲鹏理财悦享封闭净值型理财产品2025年第37期,大连银行股份有限公司,二级(中低),固定收益类,人民币(CNY),3-6个月(含),10000,2025/05/20,2025/10/31,01,03,,,,
1000041180,C1093025000014,益民理财·“融合”理财计划178号,浙江民泰商业银行股份有限公司,二级(中低),固定收益类,人民币(CNY),1-3年(含),10000,2025/05/21,2026/05/27,01,03,,,,
1000041194,Z7001025000311,（长三角-白玉兰）中银理财-稳富固收增强封闭式2025年02期,中银理财有限责任公司,二级(中低),固定收益类,人民币(CNY),6-12个月(含),1,2025/05/20,2026/03/27,01,03,,,,
1000041308,Z7007925000237,民生理财贵竹固收增利封闭6号理财产品,民生理财有限责任公司,二级(中低),固定收益类,人民币(CNY),1-3年(含),0.01,2025/05/22,2027/05/13,01,03,,,,
1000041482,Z7008925000078,北银理财京华远见春系列美元固收封闭式78号理财管理计划,北银理财有限责任公司,一级(低),固定收益类,美元(USD),6-12个月(含),1,2025/05/22,2026/05/20,01,03,,,,
1000041513,Z7002425000105,徽银理财徽安现金管理类理财产品43号,徽银理财有限责任公司,一级(低),固定收益类,人民币(CNY),每日,0.01,2025/03/19,2099/12/31,03,03,2025-05-16,1.0,1.0,1.0
1000041514,Z7002425000106,徽银理财徽安现金管理类理财产品47号,徽银理财有限责任公司,一级(低),固定收益类,人民币(CNY),每日,0.01,2025/03/21,2099/12/31,03,03,2025-05-16,1.0,1.0,1.0
1000041526,Z7002425000109,徽银理财徽安现金管理类理财产品46号,徽银理财有限责任公司,一级(低),固定收益类,人民币(CNY),每日,0.01,2025/03/19,2099/12/31,03,03,2025-05-16,1.0,1.0,1.0
1000041533,Z7002425000111,徽银理财徽安现金管理类理财产品48号,徽银理财有限责任公司,一级(低),固定收益类,人民币(CNY),每日,0.01,2025/03/21,2099/12/31,03,03,2025-05-16,1.0,1.0,1.0
1000041665,Z7003225000125,南银理财鼎瑞行稳一年定开2025第16期公募人民币理财产品,南银理财有限责任公司,二级(中低),固定收益类,人民币(CNY),1-3年(含),1,2025/05/22,2035/12/28,03,03,,,,
1000041727,Z7001625000278,招银理财招睿和鼎美元封闭176号固收类理财计划,招银理财有限责任公司,一级(低),固定收益类,美元(USD),6-12个月(含),1,2025/05/21,2025/11/18,01,03,,,,
1000041730,Z7001625000281,招银理财招赢日日金81号现金管理类理财计划,招银理财有限责任公司,一级(低),固定收益类,人民币(CNY),每日,0.01,2025/03/28,2055/03/28,03,03,2025-05-16,1.0,1.0,1.0
1000041732,Z7001625000283,招银理财招赢日日金80号现金管理类理财计划,招银理财有限责任公司,一级(低),固定收益类,人民币(CNY),每日,0.01,2025/03/26,2055/03/26,03,03,2025-05-16,1.0,1.0,1.0
1000041787,C1178825000079,“盛通理财”喜盈盈1655号,广东南海农村商业银行股份有限公司,二级(中低),固定收益类,人民币(CNY),6-12个月(含),10000,2025/05/22,2026/05/21,01,03,,,,
1000041858,Z7002025000414,兴银理财汇利现金宝1号美元现金管理类理财产品,兴银理财有限责任公司,一级(低),固定收益类,美元(USD),每日,0.01,2025/04/01,2099/12/31,03,03,2025-05-16,1.0,1.0,1.0
1000041880,Z7003325000169,平安理财天天成长3号119期现金管理类理财产品,平安理财有限责任公司,一级(低),固定收益类,人民币(CNY),每日,0.01,2025/03/21,9999/12/31,03,03,2025-05-16,1.0,1.00187,1.0
1000041941,Z7000825000506,工银理财·鑫得利固收增强封闭式理财产品(25GS2746),工银理财有限责任公司,二级(中低),固定收益类,人民币(CNY),1-3年(含),1,2025/05/22,2026/06/10,01,03,,,,
1000042039,Z7003525000175,青银理财璀璨人生奋斗系列开放式净值型人民币理财计划（货币型I）,青银理财有限责任公司,一级(低),固定收益类,人民币(CNY),每日,1,2025/06/05,2035/06/19,03,03,,,,
1000042043,Z7003525000179,青银理财璀璨人生奋斗系列开放式净值型人民币理财计划F款,青银理财有限责任公司,二级(中低),固定收益类,人民币(CNY),每日,1,2025/05/20,2035/05/22,03,03,,,,
1000042044,Z7003525000180,青银理财璀璨人生奋斗系列开放式净值型人民币理财计划（货币型H）,青银理财有限责任公司,一级(低),固定收益类,人民币(CNY),每日,1,2025/05/22,2035/06/05,03,03,,,,
1000042046,Z7003525000182,青银理财璀璨人生奋斗系列开放式净值型人民币理财计划H款,青银理财有限责任公司,二级(中低),固定收益类,人民币(CNY),每日,1,2025/05/20,2035/05/22,03,03,,,,
1000042048,Z7003525000184,青银理财璀璨人生奋斗系列开放式净值型人民币理财计划G款,青银理财有限责任公司,二级(中低),固定收益类,人民币(CNY),每日,1,2025/05/20,2035/05/22,03,03,,,,
1000042054,Z7000725000216,建信理财嘉鑫（稳利）固收类封闭式产品2025年第167期,建信理财有限责任公司,一级(低),固定收益类,人民币(CNY),3-6个月(含),1,2025/05/20,2025/11/13,01,03,,,,
1000042061,Z7000725000223,建信理财嘉鑫（稳利）固收类封闭式产品2025年第166期,建信理财有限责任公司,一级(低),固定收益类,人民币(CNY),3-6个月(含),1,2025/05/20,2025/08/20,01,03,,,,
1000042062,Z7000725000224,建信理财嘉鑫（稳利）固收类封闭式产品2025年第170期,建信理财有限责任公司,一级(低),固定收益类,人民币(CNY),6-12个月(含),1,2025/05/20,2026/01/08,01,03,,,,
1000042064,Z7000725000226,建信理财嘉鑫（稳利）固收类封闭式产品2025年第178期,建信理财有限责任公司,二级(中低),固定收益类,人民币(CNY),6-12个月(含),1,2025/05/22,2026/01/08,01,03,,,,
1000042100,Z7008125000337,恒丰理财恒惠新丰利第873期,恒丰理财有限责任公司,二级(中低),固定收益类,人民币(CNY),3-6个月(含),1,2025/05/23,2025/10/10,01,03,,,,
1000042102,Z7008125000339,恒丰理财恒惠新丰利第881期,恒丰理财有限责任公司,二级(中低),固定收益类,人民币(CNY),6-12个月(含),1,2025/05/21,2026/04/10,01,03,,,,
1000042109,Z7008125000346,恒丰理财恒惠新丰利第733期,恒丰理财有限责任公司,二级(中低),固定收益类,人民币(CNY),3-6个月(含),1,2025/05/20,2025/08/28,01,03,,,,
1000042133,Z7000925000416,交银理财稳享现金添利（惠享版）58号理财产品,交银理财有限责任公司,一级(低),固定收益类,人民币(CNY),每日,0.01,2025/03/21,2099/12/30,03,03,2025-05-16,1.0,1.0,1.0
1000042206,Z7001025000336,中银理财-怡享天天60号,中银理财有限责任公司,一级(低),固定收益类,人民币(CNY),每日,0.01,2025/04/02,9999/12/31,03,03,2025-05-16,1.0,1.0,1.0
1000042214,Z7001025000339,中银理财-稳富信用精选封闭式2025年92期,中银理财有限责任公司,二级(中低),固定收益类,人民币(CNY),6-12个月(含),1,2025/05/20,2025/12/26,01,03,,,,
1000042243,Z7002625000521,信银理财安盈象固收稳利十四个月封闭式151号理财产品,信银理财有限责任公司,二级(中低),固定收益类,人民币(CNY),1-3年(含),1,2025/05/21,2026/07/15,01,03,,,,
1000042244,Z7002625000522,信银理财安盈象固收稳利十四个月封闭式155号理财产品,信银理财有限责任公司,二级(中低),固定收益类,人民币(CNY),1-3年(含),1,2025/05/22,2026/07/16,01,03,,,,
1000042285,Z7001025000343,中银理财-ESG优享固收增强优嘉封闭式2025年11期,中银理财有限责任公司,二级(中低),固定收益类,人民币(CNY),6-12个月(含),1,2025/05/20,2026/03/26,01,03,,,,
1000042294,Z7000825000517,工银理财·稳益同业存单及存款固定收益类(QDII)封闭式理财产品(25GS8701),工银理财有限责任公司,一级(低),固定收益类,人民币(CNY),6-12个月(含),1,2025/05/20,2026/05/12,01,03,,,,
1000042317,Z7002725000329,渝农商理财益进安颐封闭式2025年第42220期,渝农商理财有限责任公司,二级(中低),固定收益类,人民币(CNY),6-12个月(含),1,2025/05/20,2026/03/18,01,03,,,,
1000042458,Z7007925000298,民生理财富竹固收优选封闭79号理财产品,民生理财有限责任公司,二级(中低),固定收益类,人民币(CNY),1-3年(含),0.01,2025/05/20,2027/06/17,01,03,,,,
1000042460,Z7007925000300,民生理财富竹固收优选封闭78号理财产品,民生理财有限责任公司,二级(中低),固定收益类,人民币(CNY),1-3年(含),0.01,2025/05/20,2026/07/16,01,03,,,,
1000042495,Z7001425000524,阳光金丰利591期,光大理财有限责任公司,二级(中低),固定收益类,人民币(CNY),6-12个月(含),1,2025/05/22,2026/04/21,01,03,,,,
1000042513,Z7002025000436,兴银理财稳利恒盈封闭式2025年43期固收类理财产品,兴银理财有限责任公司,二级(中低),固定收益类,人民币(CNY),1-3年(含),1,2025/05/20,2026/06/23,01,03,,,,
1000042537,C1131225000004,金米稳富7天定开（存款存单策略）,广州农村商业银行股份有限公司,一级(低),固定收益类,人民币(CNY),7天(含)以内,10000,2025/03/27,2099/12/31,03,03,2025-05-16,1.0,1.00336,1.00336
1000042544,Z7003925000309,华夏理财固定收益债权型封闭式理财产品523号,华夏理财有限责任公司,二级(中低),固定收益类,人民币(CNY),1-3年(含),1,2025/05/20,2026/08/04,01,03,,,,
1000042553,Z7003925000313,华夏理财固定收益增强型精选封闭式理财产品89号,华夏理财有限责任公司,二级(中低),固定收益类,人民币(CNY),1-3年(含),1,2025/05/21,2026/07/15,01,03,,,,
1000042592,Z7007125000174,上银理财“天天利”系列开放式理财产品WPTK25D01020期,上银理财有限责任公司,一级(低),固定收益类,人民币(CNY),7天(含)以内,0.01,2025/03/24,2095/03/10,03,03,2025-05-16,1.0,1.00468,1.00468
1000042594,Z7007125000176,上银理财“天天利”系列开放式理财产品WPTK25D01019期,上银理财有限责任公司,一级(低),固定收益类,人民币(CNY),7天(含)以内,0.01,2025/03/24,2095/03/10,03,03,2025-05-16,1.0,1.00466,1.00466
1000042603,C1088725000019,秦皇岛银行新富满家2025-024期人民币理财产品,秦皇岛银行股份有限公司,二级(中低),固定收益类,人民币(CNY),6-12个月(含),10000,2025/05/20,2025/12/01,01,03,,,,
1000042740,Z7001925000356,中邮理财恒利·鸿运封闭式2025年第120期人民币理财产品,中邮理财有限责任公司,一级(低),固定收益类,人民币(CNY),1-3年(含),1,2025/05/20,2026/05/27,01,03,,,,
1000042789,C1124825000041,瑞丰银行禧瑞尊赢25054期封闭式净值型理财产品（颐养版）,浙江绍兴瑞丰农村商业银行股份有限公司,二级(中低),固定收益类,人民币(CNY),3-6个月(含),10000,2025/05/20,2025/11/04,01,03,,,,
1000042802,C1087525000010,蒙银财鑫系列25013期,内蒙古银行股份有限公司,二级(中低),固定收益类,人民币(CNY),3-6个月(含),10000,2025/05/22,2025/11/18,01,03,,,,
1000042843,C1080925000034,盛京银行智盈系列理财产品添金2025052期,盛京银行股份有限公司,二级(中低),固定收益类,人民币(CNY),6-12个月(含),10000,2025/05/22,2026/05/21,01,03,,,,
1000042854,Z7002025000444,兴银理财丰利悦动封闭式49号固收类理财产品,兴银理财有限责任公司,二级(中低),固定收益类,人民币(CNY),1-3年(含),1,2025/05/21,2026/07/15,01,03,,,,
1000042897,Z7001425000539,阳光金安心计划-存单存款策略日开2号（60天最低持有）,光大理财有限责任公司,一级(低),固定收益类,人民币(CNY),每日,1,2025/05/16,2099/12/31,03,03,,,,
1000042901,Z7002025000454,兴银理财丰利悦动稳享封闭式218号固收类理财产品,兴银理财有限责任公司,二级(中低),固定收益类,人民币(CNY),6-12个月(含),1,2025/05/20,2026/01/06,01,03,,,,
1000042951,Z7001625000320,招银理财招赢日日金85号现金管理类理财计划,招银理财有限责任公司,一级(低),固定收益类,人民币(CNY),每日,0.01,2025/03/28,2055/03/28,03,03,2025-05-16,1.0,1.0,1.0
1000042961,Z7001625000330,招银理财招赢日日金84号现金管理类理财计划,招银理财有限责任公司,一级(低),固定收益类,人民币(CNY),每日,0.01,2025/03/28,2055/03/28,03,03,2025-05-16,1.0,1.0,1.0
1000042962,Z7001625000331,招银理财招睿安泰定开11号固定收益类理财计划,招银理财有限责任公司,二级(中低),固定收益类,人民币(CNY),6-12个月(含),1,2025/05/20,2099/12/31,03,03,,,,
1000042964,Z7001625000333,招银理财招赢日日金82号现金管理类理财计划,招银理财有限责任公司,一级(低),固定收益类,人民币(CNY),每日,0.01,2025/03/27,2055/03/27,03,03,2025-05-16,1.0,1.0,1.0
1000042966,Z7001425000541,阳光碧乐活138号,光大理财有限责任公司,一级(低),固定收益类,人民币(CNY),每日,0.01,2025/04/10,2099/12/31,03,03,2025-05-16,1.0,1.0,1.0
1000042967,Z7001425000542,阳光碧乐活142号,光大理财有限责任公司,一级(低),固定收益类,人民币(CNY),每日,0.01,2025/04/10,2099/12/31,03,03,2025-05-16,1.0,1.0,1.0
1000042969,Z7001425000544,阳光碧乐活141号,光大理财有限责任公司,一级(低),固定收益类,人民币(CNY),每日,0.01,2025/04/10,2099/12/31,03,03,2025-05-16,1.0,1.0,1.0
1000043075,Z7006625000033,广银理财鎏金日日薪22号现金管理类理财产品,广银理财有限责任公司,一级(低),固定收益类,人民币(CNY),每日,1,2025/05/12,2099/12/31,03,03,2025-05-16,1.0,1.0,1.0
1000043076,Z7006625000034,广银理财鎏金日日薪19号现金管理类理财产品,广银理财有限责任公司,一级(低),固定收益类,人民币(CNY),每日,1,2025/03/24,2099/12/31,03,03,2025-05-16,1.0,1.0,1.0
1000043131,Z7001425000551,阳光碧乐活144号,光大理财有限责任公司,一级(低),固定收益类,人民币(CNY),每日,0.01,2025/04/10,2099/12/31,03,03,2025-05-16,1.0,1.0,1.0
1000043132,Z7001425000552,阳光碧乐活148号,光大理财有限责任公司,一级(低),固定收益类,人民币(CNY),每日,0.01,2025/04/10,2099/12/31,03,03,2025-05-16,1.0,1.0,1.0
1000043134,Z7001425000554,阳光碧乐活147号,光大理财有限责任公司,一级(低),固定收益类,人民币(CNY),每日,0.01,2025/04/10,2099/12/31,03,03,2025-05-16,1.0,1.0,1.0
1000043139,Z7001425000559,阳光碧乐活145号,光大理财有限责任公司,一级(低),固定收益类,人民币(CNY),每日,0.01,2025/04/10,2099/12/31,03,03,2025-05-16,1.0,1.0,1.0
1000043140,Z7001425000560,阳光碧乐活149号,光大理财有限责任公司,一级(低),固定收益类,人民币(CNY),每日,0.01,2025/04/17,2099/12/31,03,03,2025-05-16,1.0,1.0,1.0
1000043145,Z7001425000563,阳光碧乐活160号,光大理财有限责任公司,一级(低),固定收益类,人民币(CNY),每日,0.01,2025/04/15,2099/12/31,03,03,2025-05-16,1.0,1.0,1.0
1000043149,Z7001425000567,阳光碧乐活176号,光大理财有限责任公司,一级(低),固定收益类,人民币(CNY),每日,0.01,2025/04/08,2099/12/31,03,03,2025-05-16,1.0,1.0,1.0
1000043150,Z7001425000568,阳光碧乐活180号,光大理财有限责任公司,一级(低),固定收益类,人民币(CNY),每日,0.01,2025/04/08,2099/12/31,03,03,2025-05-16,1.0,1.0,1.0
1000043156,Z7001425000574,阳光碧乐活169号,光大理财有限责任公司,一级(低),固定收益类,人民币(CNY),每日,0.01,2025/04/15,2099/12/31,03,03,2025-05-16,1.0,1.0,1.0
1000043158,Z7001425000576,阳光碧乐活177号,光大理财有限责任公司,一级(低),固定收益类,人民币(CNY),每日,0.01,2025/04/08,2099/12/31,03,03,2025-05-16,1.0,1.0,1.0
1000043160,Z7001425000578,阳光碧乐活155号,光大理财有限责任公司,一级(低),固定收益类,人民币(CNY),每日,0.01,2025/04/09,2099/12/31,03,03,2025-05-16,1.0,1.0018,1.0
1000043162,Z7001425000580,阳光碧乐活159号,光大理财有限责任公司,一级(低),固定收益类,人民币(CNY),每日,0.01,2025/04/15,2099/12/31,03,03,2025-05-16,1.0,1.0,1.0
1000043164,Z7001425000582,阳光碧乐活163号,光大理财有限责任公司,一级(低),固定收益类,人民币(CNY),每日,0.01,2025/04/15,2099/12/31,03,03,2025-05-16,1.0,1.0,1.0
1000043165,Z7001425000583,阳光碧乐活170号,光大理财有限责任公司,一级(低),固定收益类,人民币(CNY),每日,0.01,2025/04/18,2099/12/31,03,03,2025-05-16,1.0,1.0,1.0
1000043169,Z7001425000587,阳光碧乐活178号,光大理财有限责任公司,一级(低),固定收益类,人民币(CNY),每日,0.01,2025/04/08,2099/12/31,03,03,2025-05-16,1.0,1.0,1.0
1000043185,Z7003325000220,平安理财新启航第507期六个月封闭固收类理财产品,平安理财有限责任公司,二级(中低),固定收益类,人民币(CNY),6-12个月(含),1,2025/05/20,2025/11/27,01,03,,,,
1000043186,Z7003325000221,平安理财启元策略封闭第31期固收类理财产品,平安理财有限责任公司,二级(中低),固定收益类,人民币(CNY),1-3年(含),1,2025/05/20,2026/11/25,01,03,,,,
1000043210,Z7002025000479,兴银理财稳利恒盈封闭式2025年560期固收类理财产品,兴银理财有限责任公司,二级(中低),固定收益类,人民币(CNY),1-3年(含),1,2025/05/21,2027/07/13,01,03,,,,
1000043211,Z7002025000480,兴银理财稳利恒盈封闭式2025年516期固收类理财产品,兴银理财有限责任公司,二级(中低),固定收益类,人民币(CNY),1-3年(含),1,2025/05/22,2026/07/22,01,03,,,,
1000043217,C1128725000002,淳富安心优选三个月封闭C2503期02,江苏江南农村商业银行股份有限公司,二级(中低),固定收益类,人民币(CNY),1-3个月(含),10000,2025/05/20,2025/08/20,01,03,,,,
1000043262,C1104325000114,北京农商银行金凤凰理财浓意封闭式固收2025年818期人民币理财产品,北京农村商业银行股份有限公司,二级(中低),固定收益类,人民币(CNY),1-3年(含),10000,2025/05/29,2026/06/09,01,03,,,,
1000043336,Z7006925000282,浦银理财悦鑫利稳健19号理财产品,浦银理财有限责任公司,二级(中低),固定收益类,人民币(CNY),6-12个月(含),1,2025/05/20,2026/02/12,01,03,,,,
1000043416,C1090225000019,临商银行惠盈封闭净值理财产品6月期第2514号,临商银行股份有限公司,二级(中低),固定收益类,人民币(CNY),3-6个月(含),10000,2025/05/22,2025/11/21,01,03,,,,
1000043418,C1090225000021,临商银行惠盈封闭净值理财产品1年期第2514号,临商银行股份有限公司,二级(中低),固定收益类,人民币(CNY),6-12个月(含),10000,2025/05/22,2026/05/21,01,03,,,,
1000043501,C1080325000237,2025港湾财富184期,天津银行股份有限公司,二级(中低),固定收益类,人民币(CNY),6-12个月(含),10000,2025/05/20,2026/05/21,01,03,,,,
1000043538,C1080325000270,2025港湾财富181期,天津银行股份有限公司,二级(中低),固定收益类,人民币(CNY),3-6个月(含),10000,2025/05/20,2025/08/21,01,03,,,,
1000043539,C1080325000271,2025港湾财富185期,天津银行股份有限公司,二级(中低),固定收益类,人民币(CNY),6-12个月(含),10000,2025/05/20,2026/05/21,01,03,,,,
1000043540,C1080325000272,2025港湾财富189期,天津银行股份有限公司,二级(中低),固定收益类,人民币(CNY),1-3年(含),10000,2025/05/20,2027/05/20,01,03,,,,
1000043590,C1080325000317,2025涵屿财富127期,天津银行股份有限公司,二级(中低),固定收益类,人民币(CNY),3-6个月(含),10000,2025/05/21,2025/11/20,01,03,,,,
1000043648,C1080325000368,2025涵屿财富128期,天津银行股份有限公司,二级(中低),固定收益类,人民币(CNY),3-6个月(含),10000,2025/05/21,2025/11/20,01,03,,,,
1000043674,Z7007925000325,民生理财天天增利现金管理193号理财产品,民生理财有限责任公司,一级(低),固定收益类,人民币(CNY),每日,0.01,2025/04/02,2099/12/31,03,03,2025-05-16,1.0,1.0023,1.0
1000043684,Z7002025000491,兴银理财丰利悦动稳享封闭式213号固收类理财产品,兴银理财有限责任公司,二级(中低),固定收益类,人民币(CNY),1-3年(含),1,2025/05/27,2027/07/21,01,03,,,,
1000043722,Z7002225000111,幸福99金钱包46号理财,杭银理财有限责任公司,一级(低),固定收益类,人民币(CNY),每日,0.01,2025/05/07,2099/12/31,03,03,2025-05-16,1.0,1.0,1.0
1000043787,Z7006925000295,浦银理财悦丰利增盈150号理财产品,浦银理财有限责任公司,二级(中低),固定收益类,人民币(CNY),1-3年(含),1,2025/05/20,2026/08/06,01,03,,,,
1000043949,C1123425000066,富利宝封闭式净值型人民币理财产品（W25031期）,宁波鄞州农村商业银行股份有限公司,二级(中低),固定收益类,人民币(CNY),6-12个月(含),10000,2025/05/20,2026/05/21,01,03,,,,
1000043970,C1123425000082,富利宝封闭式净值型人民币理财产品（FJ25044期）,宁波鄞州农村商业银行股份有限公司,二级(中低),固定收益类,人民币(CNY),6-12个月(含),10000,2025/05/22,2026/05/22,01,03,,,,
1000043984,Z7003125000050,苏银理财恒源封闭三年鑫利30期,苏银理财有限责任公司,二级(中低),固定收益类,人民币(CNY),3年以上,1,2025/05/21,2028/05/24,01,03,,,,
1000044126,Z7002225000114,幸福99添益固收(稳盈存款存单策略)7天持有期理财,杭银理财有限责任公司,一级(低),固定收益类,人民币(CNY),每日,1,2025/04/10,2099/12/31,03,03,2025-05-16,1.0,1.00362,1.00362
1000044173,Z7005125000033,贝莱德建信理财贝远稳航美元固定收益类理财产品第4期（封闭式）,贝莱德建信理财有限责任公司,一级(低),固定收益类,美元(USD),6-12个月(含),1,2025/05/22,2026/04/28,01,03,,,,
1000044224,C1092725000140,稠州银行净值型财坤理财产品CK250161,浙江稠州商业银行股份有限公司,二级(中低),固定收益类,人民币(CNY),1-3年(含),10000,2025/05/19,2026/06/08,01,03,,,,
1000044228,C1092725000144,稠州银行净值型财坤理财产品CK250122,浙江稠州商业银行股份有限公司,二级(中低),固定收益类,人民币(CNY),3-6个月(含),10000,2025/05/19,2025/08/21,01,03,,,,
1000044233,C1092725000149,稠州银行净值型财坤理财产品CK250142,浙江稠州商业银行股份有限公司,二级(中低),固定收益类,人民币(CNY),6-12个月(含),10000,2025/05/19,2025/11/20,01,03,,,,
1000044338,Z7002025000506,兴银理财稳利众盈私享增利封闭式66号固收类理财产品,兴银理财有限责任公司,二级(中低),固定收益类,人民币(CNY),1-3年(含),300000,2025/05/22,2026/07/22,01,03,,,,
1000044430,Z7002025000512,兴银理财稳利安盈封闭式2025年412期固收类理财产品,兴银理财有限责任公司,一级(低),固定收益类,人民币(CNY),1-3年(含),1,2025/05/21,2026/07/28,01,03,,,,
1000044433,Z7002025000515,兴银理财稳利安盈封闭式2025年463期固收类理财产品,兴银理财有限责任公司,一级(低),固定收益类,人民币(CNY),3-6个月(含),1,2025/05/20,2025/08/27,01,03,,,,
1000044457,Z7002725000341,渝农商理财益进乡村振兴封闭式2025年第32119期,渝农商理财有限责任公司,二级(中低),固定收益类,人民币(CNY),3-6个月(含),1,2025/05/20,2025/08/27,01,03,,,,
1000044463,Z7002725000347,渝农商理财益进乡村振兴封闭式2025年第32120期,渝农商理财有限责任公司,二级(中低),固定收益类,人民币(CNY),3-6个月(含),1,2025/05/21,2025/08/27,01,03,,,,
1000044484,Z7002725000359,渝农商理财益进封闭式2025年第51033期,渝农商理财有限责任公司,二级(中低),固定收益类,人民币(CNY),1-3年(含),1,2025/05/20,2026/06/17,01,03,,,,
1000044509,Z7008925000147,北银理财京华远见春系列卓远固收封闭式76号理财产品,北银理财有限责任公司,二级(中低),固定收益类,人民币(CNY),1-3年(含),1,2025/05/22,2026/07/02,01,03,,,,
1000044521,C1082225000015,海蕴理财优选系列恒利1号2025年第21期,福建海峡银行股份有限公司,二级(中低),固定收益类,人民币(CNY),6-12个月(含),10000,2025/05/22,2026/04/07,01,03,,,,
1000044605,Z7002725000386,渝农商理财益进丰收封闭式2025年第51551期,渝农商理财有限责任公司,二级(中低),固定收益类,人民币(CNY),1-3年(含),1,2025/05/22,2026/06/25,01,03,,,,
1000044667,Z7000925000455,交银理财稳享固收精选3个月封闭式76号（安鑫版）理财产品,交银理财有限责任公司,二级(中低),固定收益类,人民币(CNY),3-6个月(含),1,2025/05/22,2025/08/25,01,03,,,,
1000044741,Z7002125000214,宁银理财宁欣固定收益类封闭式理财2575号,宁银理财有限责任公司,二级(中低),固定收益类,人民币(CNY),1-3年(含),1,2025/05/22,2027/06/17,01,03,,,,
1000044770,Z7002125000226,宁银理财宁欣固定收益类封闭式理财2576号,宁银理财有限责任公司,二级(中低),固定收益类,人民币(CNY),1-3年(含),1,2025/05/23,2027/06/10,01,03,,,,
1000044989,Z7000925000475,交银理财稳享灵动慧利14个月封闭式197号（和盈）理财产品,交银理财有限责任公司,二级(中低),固定收益类,人民币(CNY),1-3年(含),1,2025/05/23,2026/07/29,01,03,,,,
1000045038,Z7001125000214,农银理财“农银时时付”32号开放式人民币理财产品,农银理财有限责任公司,一级(低),固定收益类,人民币(CNY),每日,1,2025/04/28,2035/04/30,03,03,2025-05-16,1.0,1.0,1.0
1000045077,Z7007025000053,施罗德交银理财得润安欣3个月封闭式2518理财产品,施罗德交银理财有限公司,二级(中低),固定收益类,人民币(CNY),3-6个月(含),1,2025/05/21,2025/08/27,01,03,,,,
1000045152,Z7002025000539,兴银理财甄合封闭式314号固收类理财产品,兴银理财有限责任公司,二级(中低),固定收益类,人民币(CNY),1-3年(含),1,2025/05/21,2026/06/11,01,03,,,,
1000045155,Z7002025000542,兴银理财甄合封闭式315号固收类理财产品,兴银理财有限责任公司,二级(中低),固定收益类,人民币(CNY),1-3年(含),1,2025/05/20,2026/05/20,01,03,,,,
1000045171,Z7003325000288,平安理财启元稳利封闭第23期固收类理财产品,平安理财有限责任公司,二级(中低),固定收益类,人民币(CNY),6-12个月(含),1,2025/05/21,2026/02/12,01,03,,,,
1000045198,Z7002025000548,兴银理财丰收封闭式167号固收类理财产品,兴银理财有限责任公司,二级(中低),固定收益类,人民币(CNY),6-12个月(含),300000,2025/05/22,2026/05/19,01,03,,,,
1000045205,Z7002025000555,兴银理财丰收封闭式166号固收类理财产品,兴银理财有限责任公司,二级(中低),固定收益类,人民币(CNY),6-12个月(含),300000,2025/05/20,2026/05/14,01,03,,,,
1000045223,Z7006925000318,浦银理财多元系列之浦享增益2539期理财产品,浦银理财有限责任公司,二级(中低),固定收益类,人民币(CNY),1-3年(含),1,2025/05/21,2026/08/06,01,03,,,,
1000045274,Z7006925000343,浦银理财季季鑫封闭式266号理财产品,浦银理财有限责任公司,二级(中低),固定收益类,人民币(CNY),3-6个月(含),1,2025/05/21,2025/09/29,01,03,,,,
1000045276,C1118625000007,金谷慧盈系列25007期,内蒙古呼和浩特金谷农村商业银行股份有限公司,二级(中低),固定收益类,人民币(CNY),6-12个月(含),10000,2025/05/23,2026/04/16,01,03,,,,
1000045466,Z7006925000353,浦银理财悦享利封闭式378号理财产品,浦银理财有限责任公司,二级(中低),固定收益类,人民币(CNY),1-3年(含),1,2025/05/22,2026/08/06,01,03,,,,
1000045470,Z7006925000357,浦银理财悦享利封闭式364号理财产品,浦银理财有限责任公司,二级(中低),固定收益类,人民币(CNY),1-3年(含),1,2025/05/23,2028/04/13,01,03,,,,
1000045471,Z7006925000358,浦银理财悦享利封闭式372号理财产品,浦银理财有限责任公司,二级(中低),固定收益类,人民币(CNY),1-3年(含),1,2025/05/20,2026/06/25,01,03,,,,
1000045472,Z7006925000359,浦银理财悦享利封闭式380号理财产品,浦银理财有限责任公司,二级(中低),固定收益类,人民币(CNY),1-3年(含),1,2025/05/22,2026/07/30,01,03,,,,
1000045477,Z7006925000364,浦银理财悦享利封闭式374号理财产品,浦银理财有限责任公司,二级(中低),固定收益类,人民币(CNY),1-3年(含),1,2025/05/20,2026/08/06,01,03,,,,
1000045573,C1194625000030,青岛农商银行创富优享807号,青岛农村商业银行股份有限公司,二级(中低),固定收益类,人民币(CNY),1-3年(含),10000,2025/05/22,2026/06/17,01,03,,,,
1000045652,Z7003325000300,平安理财启元增强一年定开32号固收类理财产品,平安理财有限责任公司,二级(中低),固定收益类,人民币(CNY),1-3年(含),1,2025/05/23,9999/12/31,03,03,,,,
1000045743,Z7003925000387,华夏理财悦颐两年期理财产品44号,华夏理财有限责任公司,二级(中低),固定收益类,人民币(CNY),1-3年(含),1,2025/05/21,2027/06/02,01,03,,,,
1000045744,Z7003925000388,华夏理财固定收益债权型封闭式理财产品553号,华夏理财有限责任公司,二级(中低),固定收益类,人民币(CNY),1-3年(含),1,2025/05/20,2026/06/16,01,03,,,,
1000045758,Z7003925000402,华夏理财固定收益债权型封闭式理财产品547号,华夏理财有限责任公司,二级(中低),固定收益类,人民币(CNY),1-3年(含),1,2025/05/20,2026/06/23,01,03,,,,
1000045788,Z7002425000134,徽银理财徽安现金管理类理财产品50号,徽银理财有限责任公司,一级(低),固定收益类,人民币(CNY),每日,0.01,2025/04/09,2099/12/31,03,03,2025-05-16,1.0,1.0,1.0
1000045791,Z7002425000137,徽银理财“颐然盈”瑞享两年期固定收益类理财产品2期（季分红）,徽银理财有限责任公司,二级(中低),固定收益类,人民币(CNY),1-3年(含),1,2025/05/22,2027/05/26,01,03,,,,
1000045886,Z7003325000305,平安理财天天成长3号108期现金管理类理财产品,平安理财有限责任公司,一级(低),固定收益类,人民币(CNY),每日,0.01,2025/04/09,9999/12/31,03,03,2025-05-16,1.0,1.00211,1.0
1000045890,Z7003325000308,平安理财天天成长3号115期现金管理类理财产品,平安理财有限责任公司,一级(低),固定收益类,人民币(CNY),每日,0.01,2025/04/24,9999/12/31,03,03,2025-05-16,1.0,1.00185,1.0
1000045901,Z7008425000183,渤银理财理财有术系列持盈增利180天最短持有期固收理财产品2号,渤银理财有限责任公司,二级(中低),固定收益类,人民币(CNY),每日,1,2025/05/20,9999/12/31,03,03,,,,
1000045902,Z7008425000184,渤银理财理财有术系列持盈增利270天最短持有期固收理财产品1号,渤银理财有限责任公司,二级(中低),固定收益类,人民币(CNY),每日,1,2025/05/20,9999/12/31,03,03,,,,
1000045913,Z7000925000492,交银理财稳享慧选14个月封闭式23号私行尊享理财产品,交银理财有限责任公司,二级(中低),固定收益类,人民币(CNY),1-3年(含),300000,2025/05/22,2026/07/24,01,03,,,,
1000045917,Z7000925000496,交银理财稳享灵动慧利14个月封闭式203号理财产品,交银理财有限责任公司,二级(中低),固定收益类,人民币(CNY),1-3年(含),1,2025/05/22,2026/07/29,01,03,,,,
1000045932,Z7001025000454,中银理财-怡享天天62号,中银理财有限责任公司,一级(低),固定收益类,人民币(CNY),每日,0.01,2025/04/16,9999/12/31,03,03,2025-05-16,1.0,1.0,1.0
1000045934,Z7001025000456,中银理财-怡享天天70号,中银理财有限责任公司,一级(低),固定收益类,人民币(CNY),每日,0.01,2025/04/23,9999/12/31,03,03,2025-05-16,1.0,1.0,1.0
1000045937,Z7001025000459,中银理财-怡享天天68号,中银理财有限责任公司,一级(低),固定收益类,人民币(CNY),每日,0.01,2025/04/18,2099/12/31,03,03,2025-05-16,1.0,1.0,1.0
1000046020,Z7002025000592,兴银理财日盈45号日开固收类理财产品,兴银理财有限责任公司,一级(低),固定收益类,人民币(CNY),每日,1,2025/04/25,2099/12/30,03,03,2025-05-16,1.0,1.00211,1.00211
1000046023,Z7002025000595,兴银理财稳添利日盈51号日开固收类理财产品,兴银理财有限责任公司,一级(低),固定收益类,人民币(CNY),每日,1,2025/04/29,2099/12/30,03,03,2025-05-16,1.0,1.00122,1.00122
1000046056,Z7008425000186,渤银理财财收有略系列固定收益类二年封闭式理财产品2025年19号,渤银理财有限责任公司,二级(中低),固定收益类,人民币(CNY),1-3年(含),1,2025/05/20,2027/06/03,01,03,,,,
1000046060,Z7001625000382,招银理财招睿钱潮指数3年封闭式9号固收类理财计划(泰隆专属）,招银理财有限责任公司,二级(中低),固定收益类,人民币(CNY),3年以上,10000,2025/05/20,2028/05/20,01,03,,,,
1000046134,Z7008925000201,北银理财京华远见春系列行远12M封闭式4号（大类资产轮动策略）理财产品,北银理财有限责任公司,二级(中低),固定收益类,人民币(CNY),1-3年(含),1,2025/05/21,2026/06/04,01,03,,,,
1000046203,Z7001425000645,阳光金丰利614期,光大理财有限责任公司,二级(中低),固定收益类,人民币(CNY),6-12个月(含),1,2025/05/22,2026/03/27,01,03,,,,
1000046217,Z7001425000655,阳光碧乐活181号,光大理财有限责任公司,一级(低),固定收益类,人民币(CNY),每日,0.01,2025/04/18,2099/12/31,03,03,2025-05-16,1.0,1.0,1.0
1000046249,Z7006925000380,浦银理财悦鑫利固收封闭式15号理财产品,浦银理财有限责任公司,二级(中低),固定收益类,人民币(CNY),1-3年(含),1,2025/05/21,2026/08/13,01,03,,,,
1000046279,Z7007125000197,上银理财“恒盈”系列封闭式理财产品WPGF25M04006期,上银理财有限责任公司,二级(中低),固定收益类,人民币(CNY),3-6个月(含),0.01,2025/05/21,2025/09/23,01,03,,,,
1000046297,Z7008925000207,北银理财京华远见春系列恒远固收封闭式2号理财产品,北银理财有限责任公司,二级(中低),固定收益类,人民币(CNY),1-3年(含),1,2025/05/22,2027/05/20,01,03,,,,
1000046458,C1229825000036,哈密市商业银行“雁邻理财—甜蜜盈”封闭式净值型理财产品2025年第18期D款,哈密市商业银行股份有限公司,二级(中低),固定收益类,人民币(CNY),6-12个月(含),10000,2025/05/21,2026/05/14,01,03,,,,
1000046488,Z7001625000396,招银理财招睿稳泰十四月封闭72号固定收益类理财计划,招银理财有限责任公司,二级(中低),固定收益类,人民币(CNY),1-3年(含),1,2025/05/22,2026/07/22,01,03,,,,
1000046490,Z7001625000398,招银理财招睿增鑫180天持有期6号增强型固收类理财计划,招银理财有限责任公司,二级(中低),固定收益类,人民币(CNY),每日,0.01,2025/05/22,2055/05/22,03,03,,,,
1000046553,Z7002025000601,兴银理财稳添利日盈47号日开固收类理财产品,兴银理财有限责任公司,一级(低),固定收益类,人民币(CNY),每日,1,2025/04/25,2099/12/30,03,03,2025-05-16,1.0,1.0021,1.0021
1000046566,Z7001425000673,阳光金丰利乐享198期（机构专享）,光大理财有限责任公司,二级(中低),固定收益类,人民币(CNY),6-12个月(含),100000,2025/05/21,2025/12/03,01,03,,,,
1000046611,C1114125000066,吉林农信九九赢系列第202501074期净值型理财产品,吉林九台农村商业银行股份有限公司,二级(中低),固定收益类,人民币(CNY),6-12个月(含),10000,2025/05/20,2026/05/20,01,03,,,,
1000046613,C1114125000068,吉林农信九九赢系列第202501075期净值型理财产品,吉林九台农村商业银行股份有限公司,二级(中低),固定收益类,人民币(CNY),3-6个月(含),10000,2025/05/20,2025/09/17,01,03,,,,
1000046615,C1114125000070,吉林农信九九赢系列第202501073期净值型理财产品,吉林九台农村商业银行股份有限公司,二级(中低),固定收益类,人民币(CNY),3-6个月(含),10000,2025/05/20,2025/11/19,01,03,,,,
1000046617,C1114125000072,吉林农信九九赢系列第202501076期净值型理财产品,吉林九台农村商业银行股份有限公司,二级(中低),固定收益类,人民币(CNY),6-12个月(含),10000,2025/05/20,2026/02/04,01,03,,,,
1000046629,Z7001025000511,中银理财-惠享天天25号,中银理财有限责任公司,一级(低),固定收益类,人民币(CNY),每日,0.01,2025/05/07,2099/12/31,03,03,2025-05-16,1.0,1.0,1.0
1000046631,Z7001025000513,中银理财-惠享天天33号,中银理财有限责任公司,一级(低),固定收益类,人民币(CNY),每日,0.01,2025/04/23,2099/12/31,03,03,2025-05-16,1.0,1.0,1.0
1000046632,Z7001025000514,中银理财-惠享天天37号,中银理财有限责任公司,一级(低),固定收益类,人民币(CNY),每日,0.01,2025/04/27,9999/12/31,03,03,2025-05-16,1.0,1.0,1.0
1000046634,Z7001025000516,中银理财-惠享天天42号,中银理财有限责任公司,一级(低),固定收益类,人民币(CNY),每日,0.01,2025/04/25,2099/12/31,03,03,2025-05-16,1.0,1.0,1.0
1000046636,Z7001025000518,中银理财-惠享天天31号,中银理财有限责任公司,一级(低),固定收益类,人民币(CNY),每日,0.01,2025/04/22,2099/12/31,03,03,2025-05-16,1.0,1.0,1.0
1000046639,Z7001025000521,中银理财-惠享天天43号,中银理财有限责任公司,一级(低),固定收益类,人民币(CNY),每日,0.01,2025/04/27,2099/12/31,03,03,2025-05-16,1.0,1.0,1.0
1000046641,Z7001025000523,中银理财-乐享天天32号,中银理财有限责任公司,一级(低),固定收益类,人民币(CNY),每日,0.01,2025/04/29,2099/12/31,03,03,2025-05-16,1.0,1.0,1.0
1000046642,Z7001025000524,中银理财-乐享天天36号,中银理财有限责任公司,一级(低),固定收益类,人民币(CNY),每日,0.01,2025/04/27,2099/12/31,03,03,2025-05-16,1.0,1.0,1.0
1000046658,Z7001625000402,招银理财招睿和鼎美元封闭120号固收类理财计划,招银理财有限责任公司,一级(低),固定收益类,美元(USD),6-12个月(含),1,2025/05/21,2025/11/18,01,03,,,,
1000046673,Z7001925000424,中邮理财悦鑫添利·鸿锦封闭式2025年第12期人民币理财产品,中邮理财有限责任公司,二级(中低),固定收益类,人民币(CNY),3年以上,1,2025/05/22,2030/07/03,01,03,,,,
1000046684,Z7007925000408,民生理财贵竹固收增利369天持有期7号理财产品,民生理财有限责任公司,二级(中低),固定收益类,人民币(CNY),每日,0.01,2025/05/22,2099/12/31,03,03,,,,
1000046712,C1123025000097,浙江富阳农村商业银行股份有限公司丰收富盈“颐享”2025年第615期人民币理财产品,浙江富阳农村商业银行股份有限公司,二级(中低),固定收益类,人民币(CNY),1-3年(含),10000,2025/05/19,2026/11/03,01,03,,,,
1000046719,C1123025000103,浙江富阳农村商业银行股份有限公司丰收富盈2025年第093期人民币理财产品,浙江富阳农村商业银行股份有限公司,二级(中低),固定收益类,人民币(CNY),6-12个月(含),10000,2025/05/19,2026/05/19,01,03,,,,
1000046727,C1123025000110,浙江富阳农村商业银行股份有限公司丰收富盈2025年第092期人民币理财产品,浙江富阳农村商业银行股份有限公司,二级(中低),固定收益类,人民币(CNY),6-12个月(含),10000,2025/05/19,2025/11/17,01,03,,,,
1000046735,C1123025000117,浙江富阳农村商业银行股份有限公司丰收富盈2025年第094期人民币理财产品,浙江富阳农村商业银行股份有限公司,二级(中低),固定收益类,人民币(CNY),6-12个月(含),10000,2025/05/19,2026/02/12,01,03,,,,
1000046741,Z7006625000054,广银理财鎏金日日薪33号现金管理类理财产品,广银理财有限责任公司,一级(低),固定收益类,人民币(CNY),每日,1,2025/05/12,2099/12/31,03,03,2025-05-16,1.0,1.0,1.0
1000046744,Z7006625000057,广银理财鎏金日日薪31号现金管理类理财产品,广银理财有限责任公司,一级(低),固定收益类,人民币(CNY),每日,1,2025/05/12,2099/12/31,03,03,2025-05-16,1.0,1.0,1.0
1000046802,Z7007125000209,上银理财“美好”系列封闭式理财产品WPMF25M13040期,上银理财有限责任公司,二级(中低),固定收益类,人民币(CNY),1-3年(含),0.01,2025/05/20,2026/06/09,01,03,,,,
1000046908,Z7003325000360,平安理财启元策略日开十四个月持有1号固收类理财产品,平安理财有限责任公司,二级(中低),固定收益类,人民币(CNY),每日,1,2025/05/22,9999/12/31,03,03,,,,
1000046912,Z7003125000063,苏银理财恒源封闭债权160期,苏银理财有限责任公司,二级(中低),固定收益类,人民币(CNY),1-3年(含),1,2025/05/22,2026/06/18,01,03,,,,
1000046917,C1442925000024,山西银行“晋晟理财”2025年第26期理财产品,山西银行股份有限公司,二级(中低),固定收益类,人民币(CNY),3-6个月(含),10000,2025/05/20,2025/11/20,01,03,,,,
1000047000,Z7000825000632,工银理财·鑫得利固定收益类封闭式理财产品（25GS2087）,工银理财有限责任公司,二级(中低),固定收益类,人民币(CNY),6-12个月(含),1,2025/05/22,2026/03/25,01,03,,,,
1000047006,Z7008925000224,北银理财京华远见春系列幸福安享封闭式17号理财产品,北银理财有限责任公司,二级(中低),固定收益类,人民币(CNY),1-3年(含),1,2025/05/22,2027/07/01,01,03,,,,
1000047035,Z7008125000367,恒丰理财恒惠新丰利第672期,恒丰理财有限责任公司,二级(中低),固定收益类,人民币(CNY),6-12个月(含),1,2025/05/23,2026/05/22,01,03,,,,
1000047109,Z7006925000418,浦银理财季季鑫封闭式272号理财产品,浦银理财有限责任公司,二级(中低),固定收益类,人民币(CNY),3-6个月(含),1,2025/05/21,2025/08/28,01,03,,,,
1000047144,Z7000925000535,交银理财稳享灵动慧利4个月封闭式86号理财产品,交银理财有限责任公司,二级(中低),固定收益类,人民币(CNY),3-6个月(含),1000000,2025/05/21,2025/09/16,01,03,,,,
1000047177,Z7002625000621,信银理财安盈象固收稳利温暖童行一年封闭式24号理财产品,信银理财有限责任公司,二级(中低),固定收益类,人民币(CNY),1-3年(含),1,2025/05/22,2026/05/27,01,03,,,,
1000047196,Z7002625000633,信银理财安盈象固收稳益封闭式100号理财产品,信银理财有限责任公司,一级(低),固定收益类,人民币(CNY),3-6个月(含),1,2025/05/20,2025/10/29,01,03,,,,
1000047202,Z7002625000636,信银理财安盈象信颐固收稳利两年封闭式49号理财产品,信银理财有限责任公司,二级(中低),固定收益类,人民币(CNY),1-3年(含),1,2025/05/22,2027/06/01,01,03,,,,
1000047246,Z7007925000422,民生理财贵竹固收增利盈系列封闭128号理财产品,民生理财有限责任公司,二级(中低),固定收益类,人民币(CNY),3-6个月(含),0.01,2025/05/20,2025/08/28,01,03,,,,
1000047263,Z7001625000421,招银理财招睿安裕定开43号固定收益类理财计划,招银理财有限责任公司,二级(中低),固定收益类,人民币(CNY),1-3年(含),1,2025/05/23,2099/12/31,03,03,,,,
1000047304,Z7008225000052,高盛工银理财·盛景封闭式固定收益类美元理财产品165期,高盛工银理财有限责任公司,一级(低),固定收益类,美元(USD),3-6个月(含),1,2025/05/23,2025/11/19,01,03,,,,
1000047315,Z7008225000063,高盛工银理财·盛景封闭式固定收益类美元理财产品170期,高盛工银理财有限责任公司,一级(低),固定收益类,美元(USD),6-12个月(含),1,2025/05/23,2026/05/20,01,03,,,,
1000047454,Z7001125000267,农银理财农银安心·灵珑同业存单及存款增强第282期理财产品,农银理财有限责任公司,一级(低),固定收益类,人民币(CNY),6-12个月(含),1,2025/05/23,2025/08/27,01,03,,,,
1000047481,Z7006625000082,广银理财幸福宝泰3个月持有期固定收益类理财产品第1号,广银理财有限责任公司,二级(中低),固定收益类,人民币(CNY),每日,1,2025/05/26,2099/12/31,03,03,,,,
1000047570,C1145625000033,信合同利净值型系列2025年17期B款理财产品,大兴安岭农村商业银行股份有限公司,二级(中低),固定收益类,人民币(CNY),6-12个月(含),10000,2025/05/22,2026/05/21,01,03,,,,
1000047605,Z7002025000631,兴银理财和瑞封闭式2025年11期固收类理财产品,兴银理财有限责任公司,二级(中低),固定收益类,人民币(CNY),1-3年(含),1,2025/05/20,2027/05/24,01,03,,,,
1000047606,Z7002025000632,兴银理财和瑞封闭式2025年12期固收类理财产品,兴银理财有限责任公司,二级(中低),固定收益类,人民币(CNY),1-3年(含),1,2025/05/22,2028/05/22,01,03,,,,
1000047614,Z7002025000638,兴银理财丰利合享封闭式131号固收类理财产品,兴银理财有限责任公司,二级(中低),固定收益类,人民币(CNY),1-3年(含),1,2025/05/21,2026/07/21,01,03,,,,
1000047715,Z7001425000718,阳光金增利乐享日开4号（180天最低持有）,光大理财有限责任公司,二级(中低),固定收益类,人民币(CNY),每日,1,2025/05/22,2099/12/31,03,03,,,,
1000047720,Z7002225000147,幸福99益合·添益（年年红）1年定开型2518期理财,杭银理财有限责任公司,二级(中低),固定收益类,人民币(CNY),1-3年(含),1,2025/05/23,2099/12/31,03,03,,,,
1000047746,Z7006625000083,广银理财鎏金日日薪45号现金管理类理财产品,广银理财有限责任公司,一级(低),固定收益类,人民币(CNY),每日,1,2025/05/12,2099/12/31,03,03,2025-05-16,1.0,1.0,1.0
1000047754,Z7008425000202,渤银理财财收有略系列固定收益类九个月封闭式理财产品2025年4号,渤银理财有限责任公司,二级(中低),固定收益类,人民币(CNY),6-12个月(含),1,2025/05/20,2026/03/04,01,03,,,,
1000047776,C1209625000034,乡村振兴·佛山农商银行2025年金狮理财锦上添花系列第36期理财计划,佛山农村商业银行股份有限公司,二级(中低),固定收益类,人民币(CNY),3-6个月(含),10000,2025/05/21,2025/10/15,01,03,,,,
1000047781,C1209625000038,佛山农商银行2025年金狮理财锦上添花系列第37期理财计划,佛山农村商业银行股份有限公司,二级(中低),固定收益类,人民币(CNY),6-12个月(含),10000,2025/05/23,2026/01/19,01,03,,,,
1000047846,Z7003925000479,华夏理财固定收益债权型封闭式理财产品534号,华夏理财有限责任公司,二级(中低),固定收益类,人民币(CNY),3-6个月(含),1,2025/05/20,2025/09/24,01,03,,,,
1000047849,Z7003925000482,华夏理财固定收益债权型封闭式理财产品542号,华夏理财有限责任公司,二级(中低),固定收益类,人民币(CNY),1-3年(含),1,2025/05/20,2026/07/28,01,03,,,,
1000047852,Z7003925000485,华夏理财固定收益债权型封闭式理财产品535号,华夏理财有限责任公司,二级(中低),固定收益类,人民币(CNY),3-6个月(含),1,2025/05/20,2025/09/26,01,03,,,,
1000047889,Z7001425000742,阳光金丰利623期,光大理财有限责任公司,二级(中低),固定收益类,人民币(CNY),1-3年(含),1,2025/05/20,2026/08/04,01,03,,,,
1000047908,Z7005125000039,贝莱德建信理财贝远美元固定收益类理财产品2025年第25期（封闭式）,贝莱德建信理财有限责任公司,一级(低),固定收益类,美元(USD),6-12个月(含),1,2025/05/23,2025/11/20,01,03,,,,
1000047971,Z7000825000664,工银理财·稳益最短持有7天固定收益类开放式理财产品1号,工银理财有限责任公司,一级(低),固定收益类,人民币(CNY),每日,1,2025/05/08,9999/12/31,03,03,2025-05-16,1.0,1.0003,1.0003
1000047976,Z7001925000521,中邮理财全球汇利QDII·鸿运最短持有30天2号美元理财产品,中邮理财有限责任公司,一级(低),固定收益类,美元(USD),每日,1,2025/05/22,2099/12/31,03,03,,,,
1000048002,Z7002125000293,宁银理财晶耀固定收益类封闭式美元理财157号,宁银理财有限责任公司,一级(低),固定收益类,美元(USD),6-12个月(含),1,2025/05/22,2026/05/21,01,03,,,,
1000048064,Z7001025000572,中银理财全球配置高评级美元封闭2548,中银理财有限责任公司,一级(低),固定收益类,美元(USD),3-6个月(含),1,2025/05/20,2025/08/21,01,03,,,,
1000048165,C1093125000011,长江聚惠公募净值型点金产品2025年第4期,重庆银行股份有限公司,二级(中低),固定收益类,人民币(CNY),1-3年(含),10000,2025/05/23,2028/05/23,01,03,,,,
1000048194,Z7001425000758,阳光金丰利633期,光大理财有限责任公司,二级(中低),固定收益类,人民币(CNY),3-6个月(含),1,2025/05/22,2025/09/26,01,03,,,,
1000048229,Z7001025000582,中银理财-ESG优享稳健直通车封闭式2025年36期,中银理财有限责任公司,二级(中低),固定收益类,人民币(CNY),3-6个月(含),1,2025/05/20,2025/11/12,01,03,,,,
1000048255,C1104425000069,元亨第2549期净值型人民币理财产品,天津农村商业银行股份有限公司,二级(中低),固定收益类,人民币(CNY),6-12个月(含),10000,2025/05/19,2026/03/24,01,03,,,,
1000048357,C1123425000091,富利宝封闭式净值型人民币理财产品（FJ25047期）,宁波鄞州农村商业银行股份有限公司,二级(中低),固定收益类,人民币(CNY),3-6个月(含),10000,2025/05/22,2025/11/21,01,03,,,,
1000048385,C1123425000093,富利宝封闭式净值型人民币理财产品（W25040期）,宁波鄞州农村商业银行股份有限公司,二级(中低),固定收益类,人民币(CNY),3-6个月(含),10000,2025/05/20,2025/11/20,01,03,,,,
1000048434,Z7008425000206,渤银理财财收有略系列固定收益类一年封闭式理财产品2025年45号,渤银理财有限责任公司,二级(中低),固定收益类,人民币(CNY),1-3年(含),1,2025/05/20,2026/06/10,01,03,,,,
1000048439,Z7008425000209,渤银理财财收有略系列固定收益类一年封闭式理财产品2025年44号,渤银理财有限责任公司,二级(中低),固定收益类,人民币(CNY),1-3年(含),1,2025/05/22,2026/06/17,01,03,,,,
1000048452,Z7003325000388,平安理财新安鑫129号三个月封闭固收类理财产品,平安理财有限责任公司,二级(中低),固定收益类,人民币(CNY),3-6个月(含),1,2025/05/22,2025/09/29,01,03,,,,
1000048501,Z7002025000717,兴银理财稳利安心盈封闭式2025年224期固收类理财产品,兴银理财有限责任公司,一级(低),固定收益类,人民币(CNY),6-12个月(含),1,2025/05/27,2026/01/06,01,03,,,,
1000048525,Z7001025000605,中银理财-怡享天天85号,中银理财有限责任公司,一级(低),固定收益类,人民币(CNY),每日,0.01,2025/05/07,2099/12/31,03,03,2025-05-16,1.0,1.0,1.0
1000048595,C1123625000058,龙湾农商银行丰收信福2025年第9期封闭式净值型理财产品,浙江温州龙湾农村商业银行股份有限公司,二级(中低),固定收益类,人民币(CNY),3-6个月(含),10000,2025/05/19,2025/11/18,01,03,,,,
1000048600,C1123625000063,龙湾农商银行丰收赢利2025年第57期封闭式净值型理财产品,浙江温州龙湾农村商业银行股份有限公司,二级(中低),固定收益类,人民币(CNY),6-12个月(含),10000,2025/05/19,2026/05/19,01,03,,,,
1000048635,Z7001925000530,中邮理财福瑞·鸿锦封闭式2025年第52期人民币理财产品,中邮理财有限责任公司,二级(中低),固定收益类,人民币(CNY),1-3年(含),1,2025/05/21,2027/08/25,01,03,,,,
1000048637,Z7000725000340,建信理财海嘉固收类封闭式美元产品2025年第48期,建信理财有限责任公司,一级(低),固定收益类,美元(USD),3-6个月(含),1,2025/05/22,2025/11/19,01,03,,,,
1000048666,Z7000925000567,交银理财稳享慧选日开6号（90天持有期）理财产品,交银理财有限责任公司,二级(中低),固定收益类,人民币(CNY),每日,1,2025/05/20,2099/12/30,03,03,,,,
1000048745,C1226925000013,聚多宝·多盈第25002期乡村振兴人民币理财产品,中山农村商业银行股份有限公司,二级(中低),固定收益类,人民币(CNY),1-3年(含),10000,2025/05/22,2026/05/26,01,03,,,,
1000048757,C1093225000138,财富快车2025年第136期,重庆三峡银行股份有限公司,二级(中低),固定收益类,人民币(CNY),3-6个月(含),10000,2025/05/20,2025/11/19,01,03,,,,
1000048758,C1093225000139,财富快车2025年第137期,重庆三峡银行股份有限公司,二级(中低),固定收益类,人民币(CNY),6-12个月(含),10000,2025/05/20,2026/05/20,01,03,,,,
1000048768,C1093225000149,财富快车2025年第135期,重庆三峡银行股份有限公司,二级(中低),固定收益类,人民币(CNY),3-6个月(含),10000,2025/05/20,2025/08/27,01,03,,,,
1000048769,C1093225000150,财富快车2025年第138期,重庆三峡银行股份有限公司,二级(中低),固定收益类,人民币(CNY),6-12个月(含),10000,2025/05/20,2026/05/20,01,03,,,,
1000048796,Z7002025000733,兴银理财汇利稳健一年封闭式167期固收类理财产品,兴银理财有限责任公司,一级(低),固定收益类,美元(USD),1-3年(含),1,2025/05/22,2026/05/21,01,03,,,,
1000048806,Z7002025000741,兴银理财汇利稳健六个月封闭式142期固收类理财产品,兴银理财有限责任公司,一级(低),固定收益类,美元(USD),6-12个月(含),1,2025/05/22,2025/11/20,01,03,,,,
1000048823,C1123225000026,慈溪农村商业银行丰收信福2025年第320期封闭净值型理财产品,宁波慈溪农村商业银行股份有限公司,二级(中低),固定收益类,人民币(CNY),6-12个月(含),10000,2025/05/22,2026/05/19,01,03,,,,
1000048825,C1123225000028,慈溪农村商业银行丰收信福2025年第319期封闭净值型理财产品,宁波慈溪农村商业银行股份有限公司,二级(中低),固定收益类,人民币(CNY),3-6个月(含),10000,2025/05/22,2025/11/21,01,03,,,,
1000048833,Z7003125000073,苏银理财恒源目标盈44期,苏银理财有限责任公司,二级(中低),固定收益类,人民币(CNY),1-3年(含),1,2025/05/23,2027/06/18,01,03,,,,
1000048860,Z7007925000467,民生理财富竹纯债369天持有期7号理财产品,民生理财有限责任公司,二级(中低),固定收益类,人民币(CNY),每日,0.01,2025/05/21,2099/12/31,03,03,,,,
1000048862,Z7007925000469,民生理财贵竹固收增利半年发180天持有期6号理财产品,民生理财有限责任公司,二级(中低),固定收益类,人民币(CNY),每日,0.01,2025/05/20,2099/12/31,03,03,,,,
1000048888,Z7000925000569,交银理财稳享现金添利（惠享版）69号理财产品,交银理财有限责任公司,一级(低),固定收益类,人民币(CNY),每日,0.01,2025/04/29,2099/12/30,03,03,2025-05-16,1.0,1.0,1.0
1000048889,Z7000925000570,交银理财稳享现金添利（惠享版）68号理财产品,交银理财有限责任公司,一级(低),固定收益类,人民币(CNY),每日,0.01,2025/04/29,2099/12/30,03,03,2025-05-16,1.0,1.0,1.0
1000048890,Z7000925000571,交银理财稳享现金添利（惠享版）70号理财产品,交银理财有限责任公司,一级(低),固定收益类,人民币(CNY),每日,0.01,2025/04/29,2099/12/30,03,03,2025-05-16,1.0,1.0,1.0
1000048892,Z7000925000573,交银理财稳享现金添利（惠享版）71号理财产品,交银理财有限责任公司,一级(低),固定收益类,人民币(CNY),每日,0.01,2025/04/29,2099/12/30,03,03,2025-05-16,1.0,1.0,1.0
1000048899,C1122825000099,萧山农商银行“萧银理财·多利盈”2025年第101期封闭净值型理财产品,浙江萧山农村商业银行股份有限公司,二级(中低),固定收益类,人民币(CNY),6-12个月(含),10000,2025/05/23,2026/05/22,01,03,,,,
1000048900,C1122825000106,萧山农商银行“萧银理财·多利盈”2025年第105期封闭净值型理财产品,浙江萧山农村商业银行股份有限公司,二级(中低),固定收益类,人民币(CNY),1-3个月(含),10000,2025/05/21,2025/08/19,01,03,,,,
1000048905,C1122825000101,萧山农商银行“萧银理财·多利盈”2025年第102期封闭净值型理财产品,浙江萧山农村商业银行股份有限公司,二级(中低),固定收益类,人民币(CNY),3-6个月(含),10000,2025/05/19,2025/10/20,01,03,,,,
1000048910,C1122825000103,萧山农商银行“萧银理财·多利盈”2025年第103期封闭净值型理财产品,浙江萧山农村商业银行股份有限公司,二级(中低),固定收益类,人民币(CNY),6-12个月(含),10000,2025/05/20,2026/02/13,01,03,,,,
1000048916,C1122825000112,萧山农商银行“萧银理财·多利盈”2025年第104期封闭净值型理财产品,浙江萧山农村商业银行股份有限公司,二级(中低),固定收益类,人民币(CNY),6-12个月(含),10000,2025/05/20,2026/05/20,01,03,,,,
1000048956,Z7002725000443,渝农商理财益进臻享封闭式2025年第51222期,渝农商理财有限责任公司,二级(中低),固定收益类,人民币(CNY),1-3年(含),1,2025/05/20,2026/08/20,01,03,,,,
1000048965,Z7001125000290,农银理财农银匠心·灵珑2025年第153期理财产品（优享）,农银理财有限责任公司,二级(中低),固定收益类,人民币(CNY),3-6个月(含),1,2025/05/20,2025/10/30,01,03,,,,
1000049027,Z7003125000086,苏银理财恒源封闭债权197期优选2年,苏银理财有限责任公司,二级(中低),固定收益类,人民币(CNY),1-3年(含),1,2025/05/21,2027/06/04,01,03,,,,
1000049070,Z7002025000757,兴银理财稳利恒盈封闭式2025年72期固收类理财产品,兴银理财有限责任公司,二级(中低),固定收益类,人民币(CNY),3-6个月(含),1,2025/05/21,2025/10/29,01,03,,,,
1000049080,Z7003725000198,汇华理财-趋势指南封闭式固定收益类理财产品2590期,汇华理财有限公司,二级(中低),固定收益类,人民币(CNY),6-12个月(含),200000,2025/05/23,2026/05/20,01,03,,,,
1000049084,C1124325000077,禾城农商银行丰收 丰禾2025年第092期封闭式净值型理财产品,浙江禾城农村商业银行股份有限公司,二级(中低),固定收益类,人民币(CNY),6-12个月(含),10000,2025/05/20,2026/02/25,01,03,,,,
1000049090,C1124325000083,禾城农商银行丰收 丰禾2025年第093期封闭式净值型理财产品,浙江禾城农村商业银行股份有限公司,二级(中低),固定收益类,人民币(CNY),3-6个月(含),10000,2025/05/22,2025/09/02,01,03,,,,
1000049095,C1124325000088,禾城农商银行丰收 丰禾2025年第091期封闭式净值型理财产品,浙江禾城农村商业银行股份有限公司,二级(中低),固定收益类,人民币(CNY),3-6个月(含),10000,2025/05/20,2025/09/02,01,03,,,,
1000049096,C1124325000089,禾城农商银行丰收 丰禾2025年第095期封闭式净值型理财产品（新客专享）,浙江禾城农村商业银行股份有限公司,二级(中低),固定收益类,人民币(CNY),3-6个月(含),10000,2025/05/22,2025/09/02,01,03,,,,
1000049101,C1124325000094,禾城农商银行丰收 丰禾2025年第094期封闭式净值型理财产品,浙江禾城农村商业银行股份有限公司,二级(中低),固定收益类,人民币(CNY),3-6个月(含),10000,2025/05/22,2025/11/18,01,03,,,,
1000049109,C1092625000010,旺息宝2号2512期封闭式净值型理财产品,金华银行股份有限公司,二级(中低),固定收益类,人民币(CNY),1-3年(含),10000,2025/05/20,2026/05/21,01,03,,,,
1000049177,C1125625000033,义乌农商银行“丰收·信福”2025年第37期净值型人民币理财产品,浙江义乌农村商业银行股份有限公司,二级(中低),固定收益类,人民币(CNY),6-12个月(含),10000,2025/05/21,2026/02/26,01,03,,,,
1000049179,C1125625000035,义乌农商银行“丰收·信福”2025年第38期净值型人民币理财产品,浙江义乌农村商业银行股份有限公司,二级(中低),固定收益类,人民币(CNY),6-12个月(含),10000,2025/05/22,2025/11/26,01,03,,,,
1000049209,C1086225000046,长沙银行金芙蓉2025年长吉15期封闭式净值型理财产品,长沙银行股份有限公司,二级(中低),固定收益类,人民币(CNY),1-3年(含),10000,2025/05/20,2026/08/13,01,03,,,,
1000049223,C1081025000084,大连银行鲲鹏理财汇享封闭净值型理财产品2025年第35期,大连银行股份有限公司,二级(中低),固定收益类,人民币(CNY),1-3年(含),10000,2025/05/23,2026/06/09,01,03,,,,
1000049231,C1081025000092,大连银行鲲鹏理财汇享封闭净值型理财产品2025年第47期（苏州银行）,大连银行股份有限公司,二级(中低),固定收益类,人民币(CNY),6-12个月(含),10000,2025/05/22,2025/12/05,01,03,,,,
1000049261,C1123325000041,余姚农村商业银行丰收信福A2025016期封闭净值型理财产品,宁波余姚农村商业银行股份有限公司,二级(中低),固定收益类,人民币(CNY),6-12个月(含),30000,2025/05/22,2026/02/13,01,03,,,,
1000049263,C1123325000043,余姚农村商业银行丰收信福C2025021期封闭净值型理财产品,宁波余姚农村商业银行股份有限公司,二级(中低),固定收益类,人民币(CNY),6-12个月(含),30000,2025/05/21,2026/05/21,01,03,,,,
1000049265,C1088125000027,鸿运财富2025年15号,齐鲁银行股份有限公司,二级(中低),固定收益类,人民币(CNY),1-3年(含),10000,2025/05/20,2026/06/24,01,03,,,,
1000049276,Z7008425000213,渤银理财理财有术系列持盈增利720天最短持有期固收理财产品1号,渤银理财有限责任公司,二级(中低),固定收益类,人民币(CNY),每日,1,2025/05/20,9999/12/31,03,03,,,,
1000049344,Z7002425000167,徽银理财“安盈”稳利1年固定收益类理财产品250197,徽银理财有限责任公司,二级(中低),固定收益类,人民币(CNY),1-3年(含),1,2025/05/22,2026/05/26,01,03,,,,
1000049345,Z7002425000168,徽银理财“安盈”稳利3个月固定收益类理财产品250192,徽银理财有限责任公司,二级(中低),固定收益类,人民币(CNY),3-6个月(含),1,2025/05/20,2025/09/03,01,03,,,,
1000049351,Z7002425000174,徽银理财“安盈”稳利6个月固定收益类理财产品250194,徽银理财有限责任公司,二级(中低),固定收益类,人民币(CNY),3-6个月(含),1,2025/05/21,2025/11/18,01,03,,,,
1000049352,Z7002425000175,徽银理财“智盈”添金目标盈18号理财产品,徽银理财有限责任公司,二级(中低),固定收益类,人民币(CNY),6-12个月(含),1,2025/05/21,2026/04/16,01,03,,,,
1000049359,C1122125000064,上海农商银行鑫安利封闭式25051期（乡村振兴特别款）人民币理财产品,上海农村商业银行股份有限公司,一级(低),固定收益类,人民币(CNY),3-6个月(含),10000,2025/05/21,2025/09/17,01,03,,,,
1000049362,C1122125000067,上海农商银行鑫安利封闭式25052期（固收增强）人民币理财产品,上海农村商业银行股份有限公司,二级(中低),固定收益类,人民币(CNY),1-3年(含),10000,2025/05/21,2026/08/13,01,03,,,,
1000049377,Z7008125000425,恒丰理财恒惠新丰利第749期,恒丰理财有限责任公司,二级(中低),固定收益类,人民币(CNY),6-12个月(含),1,2025/05/21,2025/12/03,01,03,,,,
1000049378,Z7008125000426,恒丰理财恒惠新丰利第748期,恒丰理财有限责任公司,二级(中低),固定收益类,人民币(CNY),6-12个月(含),1,2025/05/21,2025/11/28,01,03,,,,
1000049379,Z7008125000427,恒丰理财恒惠新丰利第747期,恒丰理财有限责任公司,二级(中低),固定收益类,人民币(CNY),6-12个月(含),1,2025/05/22,2025/11/27,01,03,,,,
1000049462,C1124125000022,苍南农商银行裕仓添利2025014期封闭净值型人民币理财产品,浙江苍南农村商业银行股份有限公司,二级(中低),固定收益类,人民币(CNY),3-6个月(含),10000,2025/05/21,2025/08/27,01,03,,,,
1000049491,C1187325000116,“福瀛家”幸福1号（2025113期）理财产品,宁波东海银行股份有限公司,二级(中低),固定收益类,人民币(CNY),6-12个月(含),10000,2025/05/21,2026/04/23,01,03,,,,
1000049493,C1187325000118,“福瀛家”幸福1号（2025112期）理财产品,宁波东海银行股份有限公司,二级(中低),固定收益类,人民币(CNY),3-6个月(含),10000,2025/05/21,2025/11/20,01,03,,,,
1000049529,Z7003925000526,华夏理财固定收益纯债最短持有90天理财产品O款,华夏理财有限责任公司,二级(中低),固定收益类,人民币(CNY),每日,0.01,2025/05/19,9999/12/31,03,03,,,,
1000049536,C1088525000029,益友融通-2025年安益个人金满盈029号理财产品,河北银行股份有限公司,二级(中低),固定收益类,人民币(CNY),6-12个月(含),10000,2025/05/22,2025/11/27,01,03,,,,
1000049576,Z7006925000466,浦银理财悦丰利增盈155号理财产品,浦银理财有限责任公司,二级(中低),固定收益类,人民币(CNY),1-3年(含),1,2025/05/22,2026/08/06,01,03,,,,
1000049614,Z7008925000256,北银理财京华远见春系列美元天天金1号理财产品,北银理财有限责任公司,一级(低),固定收益类,美元(USD),每日,1,2025/05/21,2099/12/31,03,03,,,,
1000049651,Z7002725000465,渝农商理财益尊金泓江渝传承封闭式2025年第42616期,渝农商理财有限责任公司,二级(中低),固定收益类,人民币(CNY),6-12个月(含),1,2025/05/20,2026/03/05,01,03,,,,
1000049723,Z7000925000593,交银理财稳享美元1年封闭式2511理财产品,交银理财有限责任公司,一级(低),固定收益类,美元(USD),6-12个月(含),1,2025/05/21,2026/05/18,01,03,,,,
1000049730,Z7000925000600,交银理财稳享美元6个月封闭式2523理财产品,交银理财有限责任公司,一级(低),固定收益类,美元(USD),3-6个月(含),1,2025/05/21,2025/11/18,01,03,,,,
1000049766,Z7001125000332,农银理财农银安心·灵珑同业存单及存款增强第285期理财产品,农银理财有限责任公司,一级(低),固定收益类,人民币(CNY),6-12个月(含),1,2025/05/20,2025/12/02,01,03,,,,
1000049832,Z7001125000334,农银理财农银匠心·灵珑2025年第173期理财产品（优享）,农银理财有限责任公司,二级(中低),固定收益类,人民币(CNY),6-12个月(含),1,2025/05/22,2026/01/07,01,03,,,,
1000049849,C1092525000055,金兰花汇富1号2518期,绍兴银行股份有限公司,二级(中低),固定收益类,人民币(CNY),1-3年(含),10000,2025/05/21,2026/06/03,01,03,,,,
1000049855,C1092525000061,金兰花汇富3号2518期,绍兴银行股份有限公司,二级(中低),固定收益类,人民币(CNY),6-12个月(含),10000,2025/05/21,2025/12/03,01,03,,,,
1000049865,C1092525000071,金兰花汇富4号2518期,绍兴银行股份有限公司,二级(中低),固定收益类,人民币(CNY),3-6个月(含),10000,2025/05/21,2025/09/03,01,03,,,,
1000049867,Z7008925000274,北银理财京华远见春系列卓远固收封闭式103号理财产品,北银理财有限责任公司,二级(中低),固定收益类,人民币(CNY),3-6个月(含),1,2025/05/22,2025/09/03,01,03,,,,
1000049872,Z7008925000276,北银理财京华远见春系列卓远固收封闭式102号理财产品,北银理财有限责任公司,二级(中低),固定收益类,人民币(CNY),3-6个月(含),1,2025/05/22,2025/09/03,01,03,,,,
1000049875,Z7008925000263,北银理财京华远见春系列卓远固收封闭式94号理财产品,北银理财有限责任公司,二级(中低),固定收益类,人民币(CNY),6-12个月(含),1,2025/05/22,2026/02/26,01,03,,,,
1000049880,Z7008925000265,北银理财京华远见春系列卓远固收封闭式93号理财产品,北银理财有限责任公司,二级(中低),固定收益类,人民币(CNY),6-12个月(含),1,2025/05/22,2025/11/26,01,03,,,,
1000049914,C1122925000066,丰收丰润2025年第76期,浙江杭州余杭农村商业银行股份有限公司,二级(中低),固定收益类,人民币(CNY),1-3年(含),10000,2025/05/22,2026/11/19,01,03,,,,
1000049917,C1122925000069,丰收丰润2025年第77期,浙江杭州余杭农村商业银行股份有限公司,二级(中低),固定收益类,人民币(CNY),3-6个月(含),10000,2025/05/22,2025/10/23,01,03,,,,
1000049918,C1122925000070,丰收丰润2025年第75期,浙江杭州余杭农村商业银行股份有限公司,二级(中低),固定收益类,人民币(CNY),6-12个月(含),10000,2025/05/20,2026/05/19,01,03,,,,
1000049920,C1122925000072,丰收丰润2025年第74期,浙江杭州余杭农村商业银行股份有限公司,二级(中低),固定收益类,人民币(CNY),6-12个月(含),10000,2025/05/20,2026/05/19,01,03,,,,
1000049980,C1109625000023,圳元宝第320期理财产品,深圳农村商业银行股份有限公司,二级(中低),固定收益类,人民币(CNY),3-6个月(含),10000,2025/05/20,2025/11/19,01,03,,,,
1000049992,Z7000925000609,交银理财稳享灵动慧利6个月封闭式196号理财产品,交银理财有限责任公司,二级(中低),固定收益类,人民币(CNY),6-12个月(含),1,2025/05/22,2025/11/26,01,03,,,,
1000050032,Z7001125000344,农银理财农银进取·灵珑同业存单及存款增强第36期理财产品,农银理财有限责任公司,二级(中低),固定收益类,人民币(CNY),3-6个月(含),1,2025/05/19,2025/11/19,01,03,,,,
1000050033,Z7001125000345,农银理财农银同心·灵珑优选配置第44期理财产品（私行优享）,农银理财有限责任公司,二级(中低),混合类,人民币(CNY),6-12个月(含),1,2025/05/19,2026/02/12,01,03,,,,
1000050034,Z7001125000346,农银理财农银匠心·灵动30天同业存单及存款增强理财产品（致敬军人）,农银理财有限责任公司,二级(中低),固定收益类,人民币(CNY),每日,1,2025/05/19,2035/05/18,03,03,,,,
1000050035,Z7001125000347,农银理财农银同心·灵珑优选配置第43期理财产品（优享）,农银理财有限责任公司,二级(中低),混合类,人民币(CNY),6-12个月(含),1,2025/05/19,2025/12/09,01,03,,,,
1000050036,Z7001125000348,农银理财农银精心·灵珑2025年第9期固定收益类美元理财产品,农银理财有限责任公司,二级(中低),固定收益类,美元(USD),3-6个月(含),1,2025/05/19,2025/09/16,01,03,,,,
1000050037,Z7001125000349,农银理财农银进取·灵珑固收增强第42期理财产品（红利优选）,农银理财有限责任公司,二级(中低),固定收益类,人民币(CNY),1-3年(含),1,2025/05/19,2026/12/15,01,03,,,,
1000050039,Z7002625000727,信银理财慧盈象固收增利六个月持有期52号理财产品,信银理财有限责任公司,二级(中低),固定收益类,人民币(CNY),每日,1,2025/05/20,2099/12/29,03,03,,,,
1000050071,Z7001125000350,农银理财农银匠心·灵珑同业存单及存款增强第36期ESG主题理财产品,农银理财有限责任公司,二级(中低),固定收益类,人民币(CNY),3-6个月(含),1,2025/05/19,2025/09/29,01,03,,,,
1000050072,Z7001125000351,农银理财农银安心·灵珑2025年第8期理财产品（鑫享）,农银理财有限责任公司,二级(中低),固定收益类,人民币(CNY),1-3年(含),1,2025/05/19,2026/06/18,01,03,,,,
1000050074,Z7001125000353,农银理财农银匠心·灵珑固收增强第70期理财产品（红利成长双享）,农银理财有限责任公司,二级(中低),固定收益类,人民币(CNY),1-3年(含),1,2025/05/19,2026/09/03,01,03,,,,
1000050078,Z7008425000223,渤银理财财收有略系列固定收益类二年封闭式理财产品2025年23号,渤银理财有限责任公司,二级(中低),固定收益类,人民币(CNY),1-3年(含),1,2025/05/20,2027/06/03,01,03,,,,
1000050111,C1265125000009,“黔农·金百合·花溪农商·诚信福”系列理财产品第110期,贵州花溪农村商业银行股份有限公司,二级(中低),固定收益类,人民币(CNY),6-12个月(含),10000,2025/05/21,2026/05/20,01,03,,,,
1000050139,C1114025000139,长春农商银行“长囍系列”2025141期封闭式净值型理财产品,长春农村商业银行股份有限公司,二级(中低),固定收益类,人民币(CNY),3-6个月(含),10000,2025/05/20,2025/11/20,01,03,,,,
1000050141,C1114025000141,长春农商银行“长囍系列”2025140期封闭式净值型理财产品,长春农村商业银行股份有限公司,二级(中低),固定收益类,人民币(CNY),3-6个月(含),10000,2025/05/20,2025/09/25,01,03,,,,
1000050177,Z7002025000789,兴银理财稳利恒盈封闭式2025年423期固收类理财产品,兴银理财有限责任公司,二级(中低),固定收益类,人民币(CNY),3-6个月(含),1,2025/05/21,2025/09/09,01,03,,,,
1000050180,Z7002025000792,兴银理财稳利恒盈封闭式2025年424期固收类理财产品,兴银理财有限责任公司,二级(中低),固定收益类,人民币(CNY),3-6个月(含),1,2025/05/21,2025/08/26,01,03,,,,
1000050199,Z7002025000811,兴银理财稳利恒盈封闭式2025年420期固收类理财产品,兴银理财有限责任公司,二级(中低),固定收益类,人民币(CNY),3-6个月(含),1,2025/05/22,2025/11/05,01,03,,,,
1000050206,Z7003525000246,青银理财璀璨人生成就系列碳中和主题人民币理财计划（固收共享）2025年244期,青银理财有限责任公司,二级(中低),固定收益类,人民币(CNY),6-12个月(含),1,2025/05/22,2026/02/25,01,03,,,,
1000050208,Z7003525000247,青银理财璀璨人生成就系列人民币理财计划（低波共享）2025年252期,青银理财有限责任公司,二级(中低),固定收益类,人民币(CNY),1-3年(含),1,2025/05/23,2026/06/12,01,03,,,,
1000050209,Z7003525000248,青银理财璀璨人生成就系列低波人民币理财计划（陪伴款）2025年256期,青银理财有限责任公司,二级(中低),固定收益类,人民币(CNY),1-3年(含),1,2025/05/20,2026/06/10,01,03,,,,
1000050211,Z7003525000250,青银理财璀璨人生成就系列人民币理财计划2025年264期（固收微含权）,青银理财有限责任公司,二级(中低),固定收益类,人民币(CNY),1-3年(含),1,2025/05/22,2026/06/05,01,03,,,,
1000050212,Z7003525000251,青银理财璀璨人生成就系列人民币理财计划2025年268期（固收增强）,青银理财有限责任公司,二级(中低),固定收益类,人民币(CNY),1-3年(含),1,2025/05/22,2026/06/05,01,03,,,,
1000050213,Z7003525000252,青银理财璀璨人生成就系列丰收封闭式人民币理财计划2025年272期,青银理财有限责任公司,二级(中低),固定收益类,人民币(CNY),6-12个月(含),1,2025/05/20,2026/05/14,01,03,,,,
1000050215,Z7003525000254,青银理财璀璨人生成就系列人民币理财计划2025年280期（联莲财富）,青银理财有限责任公司,二级(中低),固定收益类,人民币(CNY),1-3年(含),1,2025/05/23,2026/06/12,01,03,,,,
1000050216,Z7003525000255,青银理财璀璨人生成就系列人民币理财计划（低波共享）2025年284期,青银理财有限责任公司,二级(中低),固定收益类,人民币(CNY),6-12个月(含),1,2025/05/22,2026/02/25,01,03,,,,
1000050221,Z7003525000259,青银理财璀璨人生成就系列人民币理财计划2025年259期,青银理财有限责任公司,二级(中低),固定收益类,人民币(CNY),1-3年(含),1,2025/05/20,2026/06/05,01,03,,,,
1000050225,Z7003525000263,青银理财璀璨人生成就系列丰收封闭式人民币理财计划2025年275期,青银理财有限责任公司,二级(中低),固定收益类,人民币(CNY),1-3年(含),1,2025/05/22,2026/06/10,01,03,,,,
1000050321,Z7003225000127,南银理财鼎瑞汇鑫桂鑫稳两年12期封闭式公募人民币理财产品,南银理财有限责任公司,二级(中低),固定收益类,人民币(CNY),1-3年(含),1,2025/05/21,2027/06/16,01,03,,,,
1000050378,Z7002425000176,徽银理财“安盈”稳利1年固定收益类理财产品250203,徽银理财有限责任公司,二级(中低),固定收益类,人民币(CNY),1-3年(含),1,2025/05/22,2026/05/26,01,03,,,,
1000050415,C1088025000032,麒麟赢佳-祥瑞舒心第510期,石嘴山银行股份有限公司,二级(中低),固定收益类,人民币(CNY),3-6个月(含),10000,2025/05/22,2025/08/28,01,03,,,,
1000050418,Z7008425000228,渤银理财财收有略系列固定收益类一年封闭式理财产品聚宝2号,渤银理财有限责任公司,二级(中低),固定收益类,人民币(CNY),6-12个月(含),1,2025/05/20,2026/05/14,01,03,,,,
1000050448,Z7001425000830,阳光金丰利648期,光大理财有限责任公司,二级(中低),固定收益类,人民币(CNY),1-3年(含),1,2025/05/21,2028/05/22,01,03,,,,
1000050505,C1087725000054,乌银利鑫系列2025年第59期,乌海银行股份有限公司,二级(中低),固定收益类,人民币(CNY),6-12个月(含),10000,2025/05/21,2025/11/26,01,03,,,,
1000050507,C1087725000056,乌银利鑫系列2025年第58期,乌海银行股份有限公司,二级(中低),固定收益类,人民币(CNY),3-6个月(含),10000,2025/05/21,2025/09/03,01,03,,,,
1000050509,Z7001125000374,农银理财农银精心·灵珑2025年第80期固定收益类美元理财产品,农银理财有限责任公司,二级(中低),固定收益类,美元(USD),6-12个月(含),1,2025/05/22,2025/11/26,01,03,,,,
1000050529,Z7000825000700,工银理财·鑫悦中证1000看涨鲨鱼鳍策略固定收益类封闭式理财产品（25GS6706）,工银理财有限责任公司,二级(中低),固定收益类,人民币(CNY),6-12个月(含),1,2025/05/22,2026/03/04,01,03,,,,
1000050535,C1081225000034,抚顺银行启运鑫基汇系列理财计划2025年第36期,抚顺银行股份有限公司,二级(中低),固定收益类,人民币(CNY),6-12个月(含),10000,2025/05/20,2026/05/20,01,03,,,,
1000050536,C1081225000035,抚顺银行启运鑫基汇系列理财计划2025年第35期,抚顺银行股份有限公司,二级(中低),固定收益类,人民币(CNY),3-6个月(含),10000,2025/05/20,2025/11/19,01,03,,,,
1000050537,C1081225000036,抚顺银行启运鑫基汇系列理财计划2025年第34期,抚顺银行股份有限公司,二级(中低),固定收益类,人民币(CNY),1-3个月(含),10000,2025/05/20,2025/08/20,01,03,,,,
1000050539,C1206125000023,“金浪花”2025年22期净值型人民币理财产品,大连农村商业银行股份有限公司,二级(中低),固定收益类,人民币(CNY),3-6个月(含),10000,2025/05/20,2026/01/07,01,03,,,,
1000050554,Z7003225000131,南银理财珠联璧合鑫逸稳三个月83期封闭式公募人民币理财产品,南银理财有限责任公司,二级(中低),固定收益类,人民币(CNY),3-6个月(含),1,2025/05/21,2025/08/28,01,03,,,,
1000050555,Z7003225000130,南银理财珠联璧合鑫逸稳两年118期封闭式公募人民币理财产品,南银理财有限责任公司,二级(中低),固定收益类,人民币(CNY),1-3年(含),1,2025/05/21,2027/06/16,01,03,,,,
1000050556,Z7003225000132,南银理财珠联璧合鑫逸稳一年222期封闭式公募人民币理财产品,南银理财有限责任公司,二级(中低),固定收益类,人民币(CNY),1-3年(含),1,2025/05/21,2026/06/24,01,03,,,,
1000050557,Z7003225000133,南银理财珠联璧合鑫逸稳半年125期封闭式公募人民币理财产品,南银理财有限责任公司,二级(中低),固定收益类,人民币(CNY),6-12个月(含),1,2025/05/21,2025/12/03,01,03,,,,
1000050654,Z7009825000032,法巴农银理财珐琅青固定收益类30天最短持有期1号（私行尊享）,法巴农银理财有限责任公司,二级(中低),固定收益类,人民币(CNY),每日,1,2025/05/27,2099/12/31,03,03,,,,
1000050655,Z7009825000033,法巴农银理财珐琅蓝固定收益类720天最短持有期1号,法巴农银理财有限责任公司,二级(中低),固定收益类,人民币(CNY),每日,1,2025/05/27,2099/12/31,03,03,,,,
1000050660,Z7009825000034,法巴农银理财珐琅金固收增强120天最短持有期1号,法巴农银理财有限责任公司,二级(中低),固定收益类,人民币(CNY),每日,1,2025/05/27,2099/12/31,03,03,,,,
1000050662,Z7009825000031,法巴农银理财珐琅金固收增强封闭式C015期,法巴农银理财有限责任公司,二级(中低),固定收益类,人民币(CNY),1-3年(含),1,2025/05/22,2026/06/29,01,03,,,,
1000050663,C1290125000079,中原银行稳健增利2025年第78期理财产品,中原银行股份有限公司,二级(中低),固定收益类,人民币(CNY),1-3年(含),10000,2025/05/22,2026/07/07,01,03,,,,
1000050664,C1290125000080,中原银行稳健增利2025年第77期理财产品,中原银行股份有限公司,二级(中低),固定收益类,人民币(CNY),6-12个月(含),10000,2025/05/22,2026/04/07,01,03,,,,
1000050665,C1290125000081,中原银行稳健增利2025年第76期理财产品,中原银行股份有限公司,二级(中低),固定收益类,人民币(CNY),6-12个月(含),10000,2025/05/22,2026/01/06,01,03,,,,
1000050684,Z7002225000163,幸福99丰裕固收763天25096期理财,杭银理财有限责任公司,二级(中低),固定收益类,人民币(CNY),1-3年(含),1,2025/05/22,2027/06/24,01,03,,,,
1000050685,Z7002225000164,幸福99丰裕固收（幸福金桂）386天25095期理财,杭银理财有限责任公司,二级(中低),固定收益类,人民币(CNY),1-3年(含),1,2025/05/20,2026/06/10,01,03,,,,
1000050686,Z7002225000165,幸福99颐养天年（年分红）1099天25005期理财,杭银理财有限责任公司,二级(中低),固定收益类,人民币(CNY),3年以上,1000,2025/05/21,2028/05/24,01,03,,,,
1000050687,Z7002225000166,幸福99丰裕固收（惠享款）763天25097期理财,杭银理财有限责任公司,二级(中低),固定收益类,人民币(CNY),1-3年(含),1,2025/05/22,2027/06/24,01,03,,,,
1000050688,Z7002225000167,幸福99丰裕固收386天25093期理财,杭银理财有限责任公司,二级(中低),固定收益类,人民币(CNY),1-3年(含),1,2025/05/20,2026/06/10,01,03,,,,
1000050726,Z7002625000772,信银理财慧盈象固收增利共富共创十三个月封闭式1号理财产品,信银理财有限责任公司,二级(中低),固定收益类,人民币(CNY),1-3年(含),1,2025/05/20,2026/07/01,01,03,,,,
1000050802,Z7001625000496,招银理财招睿金鼎90天持有期1号固定收益类理财计划,招银理财有限责任公司,二级(中低),固定收益类,人民币(CNY),每日,0.01,2025/05/21,2055/05/21,03,03,,,,
1000050841,Z7003725000203,汇华理财-财富灯塔稳享封闭式固定收益类理财产品2594期,汇华理财有限公司,一级(低),固定收益类,美元(USD),3-6个月(含),1,2025/05/22,2025/11/19,01,03,,,,
1000050848,Z7003725000210,汇华理财-财富灯塔稳享封闭式固定收益类理财产品2596期,汇华理财有限公司,一级(低),固定收益类,美元(USD),6-12个月(含),1,2025/05/22,2026/02/11,01,03,,,,
1000050874,Z7001625000499,招银理财招睿增利精选定开3号固定收益类理财计划,招银理财有限责任公司,二级(中低),固定收益类,人民币(CNY),6-12个月(含),1,2025/05/20,2099/12/31,03,03,,,,
1000050902,C1091125000039,西安银行金丝路聚利盈系列封闭式净值型理财产品2025年第40期,西安银行股份有限公司,二级(中低),固定收益类,人民币(CNY),3-6个月(含),10000,2025/05/22,2025/08/28,01,03,,,,
1000050905,C1091125000042,西安银行金丝路聚利盈系列封闭式净值型理财产品2025年第42期(代发专属),西安银行股份有限公司,二级(中低),固定收益类,人民币(CNY),6-12个月(含),10000,2025/05/23,2026/05/22,01,03,,,,
1000050907,C1091125000044,西安银行金丝路聚利盈系列封闭式净值型理财产品2025年第41期,西安银行股份有限公司,二级(中低),固定收益类,人民币(CNY),6-12个月(含),10000,2025/05/23,2025/12/04,01,03,,,,
1000050914,Z7001625000502,招银理财招睿增利精选定开（ESG科技款）1号固定收益类理财计划,招银理财有限责任公司,二级(中低),固定收益类,人民币(CNY),6-12个月(含),1,2025/05/27,2099/12/31,03,03,,,,
1000051020,C1131225000006,金米嘉富最短持有30天,广州农村商业银行股份有限公司,二级(中低),固定收益类,人民币(CNY),每日,10000,2025/05/22,2099/12/31,03,03,,,,
1000051049,C1109625000024,圳元宝第321期理财产品,深圳农村商业银行股份有限公司,二级(中低),固定收益类,人民币(CNY),6-12个月(含),10000,2025/05/22,2026/05/22,01,03,,,,
1000051089,Z7002225000171,幸福99丰裕美满固收（安享优选）2519期美元理财,杭银理财有限责任公司,二级(中低),固定收益类,美元(USD),3-6个月(含),1,2025/05/22,2025/09/01,01,03,,,,
1000051091,Z7002225000173,幸福99丰裕美满固收（安享优选）2520期美元理财,杭银理财有限责任公司,二级(中低),固定收益类,美元(USD),6-12个月(含),1,2025/05/21,2026/05/20,01,03,,,,
1000051197,Z7000825000724,工银理财·鑫得利固定收益类封闭式理财产品长辈专属（福满系列25GS2093）,工银理财有限责任公司,二级(中低),固定收益类,人民币(CNY),6-12个月(含),1,2025/05/22,2026/05/13,01,03,,,,
1000051202,Z7000825000729,工银理财·稳益固定收益类封闭式理财产品（25GS2794）,工银理财有限责任公司,一级(低),固定收益类,人民币(CNY),3-6个月(含),1,2025/05/22,2025/09/24,01,03,,,,
1000051223,C1155825000009,紫气东来鑫悦系列封闭式净值型人民币理财计划0084期,湖北银行股份有限公司,二级(中低),固定收益类,人民币(CNY),6-12个月(含),10000,2025/05/20,2026/05/19,01,03,,,,
1000051233,Z7011825000016,浙银理财琮简富春6号理财产品,浙银理财有限责任公司,二级(中低),固定收益类,人民币(CNY),3-6个月(含),1,2025/05/23,2025/08/27,01,03,,,,
1000051234,Z7011825000017,浙银理财琮简富春14号理财产品,浙银理财有限责任公司,二级(中低),固定收益类,人民币(CNY),1-3年(含),1,2025/05/23,2027/04/26,01,03,,,,
1000051247,Z7003925000624,华夏理财悦安鑫固定收益债权型封闭式理财产品66号,华夏理财有限责任公司,二级(中低),固定收益类,人民币(CNY),6-12个月(含),1,2025/05/23,2025/11/19,01,03,,,,
1000051346,Z7003225000120,南银理财添瑞日日聚宝14号现金管理类公募人民币理财产品,南银理财有限责任公司,一级(低),固定收益类,人民币(CNY),每日,0.01,2025/05/21,2035/12/28,03,03,,,,
1000051353,C1088025000034,麒麟赢佳-祥瑞舒心第511期,石嘴山银行股份有限公司,二级(中低),固定收益类,人民币(CNY),6-12个月(含),10000,2025/05/22,2026/05/22,01,03,,,,
1000051374,Z7001125000395,农银理财农银匠心·灵珑2025年第313期理财产品,农银理财有限责任公司,二级(中低),固定收益类,人民币(CNY),3-6个月(含),1,2025/05/26,2025/08/28,01,03,,,,
1000051404,C1081325000034,丹东银行“银杏理财”第20256033期理财产品,丹东银行股份有限公司,二级(中低),固定收益类,人民币(CNY),3-6个月(含),10000,2025/05/20,2025/11/19,01,03,,,,
1000051479,Z7011825000019,浙银理财琮简富春9号理财产品,浙银理财有限责任公司,二级(中低),固定收益类,人民币(CNY),1-3年(含),1,2025/05/23,2026/07/01,01,03,,,,
1000051484,Z7001125000398,农银理财农银进取·灵动360天双债增强理财产品,农银理财有限责任公司,二级(中低),固定收益类,人民币(CNY),每日,1,2025/05/26,2035/05/28,03,03,,,,
1000051485,Z7001125000399,农银理财农银安心·天天利理财产品（货币优选）,农银理财有限责任公司,二级(中低),固定收益类,人民币(CNY),每日,1,2025/05/26,2035/05/28,03,03,,,,
1000051488,Z7001125000402,农银理财农银进取·灵珑2025年第9期理财产品（鑫享）,农银理财有限责任公司,二级(中低),固定收益类,人民币(CNY),1-3年(含),1,2025/05/26,2027/06/15,01,03,,,,
1000051492,Z7001125000405,农银理财农银匠心·灵动360天理财产品（红利成长双享）,农银理财有限责任公司,二级(中低),固定收益类,人民币(CNY),每日,1,2025/05/26,2035/05/28,03,03,,,,
1000051493,Z7001125000406,农银理财农银进取·天天利同业存单及存款增强理财产品（低波悦享）,农银理财有限责任公司,二级(中低),固定收益类,人民币(CNY),每日,1,2025/05/26,2035/05/28,03,03,,,,
1000051495,Z7001125000407,农银理财农银同心·灵珑优选配置第45期理财产品（优享）,农银理财有限责任公司,二级(中低),混合类,人民币(CNY),6-12个月(含),1,2025/05/26,2026/01/08,01,03,,,,
1000051496,Z7001125000408,农银理财农银匠心·灵珑固收增强第71期理财产品（红利优选）,农银理财有限责任公司,二级(中低),固定收益类,人民币(CNY),1-3年(含),1,2025/05/26,2026/08/18,01,03,,,,
1000051497,Z7001125000409,农银理财农银精心·灵珑2025年第10期固定收益类美元理财产品（QDII）,农银理财有限责任公司,二级(中低),固定收益类,美元(USD),6-12个月(含),1,2025/05/26,2025/12/03,01,03,,,,
1000051499,Z7001125000410,农银理财农银匠心·灵珑同业存单及存款增强第37期ESG主题理财产品,农银理财有限责任公司,二级(中低),固定收益类,人民币(CNY),3-6个月(含),1,2025/05/26,2025/10/16,01,03,,,,
1000051500,Z7001125000411,农银理财农银进取·灵珑同业存单及存款增强第37期理财产品,农银理财有限责任公司,二级(中低),固定收益类,人民币(CNY),3-6个月(含),1,2025/05/26,2025/09/03,01,03,,,,
1000051524,Z7007925000523,民生理财富竹固收优选封闭合享1号理财产品,民生理财有限责任公司,二级(中低),固定收益类,人民币(CNY),1-3年(含),0.01,2025/05/22,2026/07/16,01,03,,,,
1000051526,Z7007925000525,民生理财华竹优选封闭万亿特供南京专属理财产品,民生理财有限责任公司,二级(中低),固定收益类,人民币(CNY),1-3年(含),0.01,2025/05/22,2026/06/25,01,03,,,,
1000051571,Z7002025000841,兴银理财稳利众盈私享封闭式190号固收类理财产品,兴银理财有限责任公司,二级(中低),固定收益类,人民币(CNY),3-6个月(含),300000,2025/05/23,2025/09/15,01,03,,,,
1000052036,C1091325000036,金雪莲系列封闭式净值型理财产品2025年第29期麦满财丰专享,乌鲁木齐银行股份有限公司,二级(中低),固定收益类,人民币(CNY),6-12个月(含),10000,2025/05/22,2026/01/06,01,03,,,,
1000052041,C1091325000041,金雪莲系列稳健增长净值型理财产品2025年第13期,乌鲁木齐银行股份有限公司,二级(中低),固定收益类,人民币(CNY),1-3个月(含),10000,2025/05/22,2025/08/22,01,03,,,,
1000052042,C1091325000042,金雪莲系列封闭式净值型理财产品2025年第30期玖久相伴六期,乌鲁木齐银行股份有限公司,二级(中低),固定收益类,人民币(CNY),3-6个月(含),10000,2025/05/22,2025/09/05,01,03,,,,
1000052045,C1091325000045,金雪莲系列封闭式净值型理财产品2025年第28期代发工资客户专享,乌鲁木齐银行股份有限公司,二级(中低),固定收益类,人民币(CNY),3-6个月(含),10000,2025/05/22,2025/11/21,01,03,,,,
1055151,C1136016000054,2016年“融智理财·天天添利净值型”人民币理财产品,湖南银行股份有限公司,二级(中低),N/A,人民币(CNY),每日,10000,2016/06/01,2099/12/31,03,03,2025-05-16,1.0,1.0,1.0
1337256,C3042717000006,厦门农商银行-丰沃2号债券投资理财计划,厦门农村商业银行股份有限公司,二级(中低),N/A,人民币(CNY),6-12个月(含),50000,2017/07/20,2099/12/31,03,03,2025-05-16,100.0,1.0377,1.0377
144270,C1010207000004,基金股票双重精选人民币理财产品2007年第2期,中国工商银行股份有限公司,一级(低),N/A,人民币(CNY),7天-1个月(含),100000,2008/01/18,9999/12/31,03,03,2025-05-16,1.0,0.9827,0.9827
144271,C1010207000003,基金股票双重精选人民币理财产品2007年第1期,中国工商银行股份有限公司,一级(低),N/A,人民币(CNY),7天-1个月(含),100000,2007/12/20,9999/12/31,03,03,2025-05-16,1.0,1.0,1.0
1733623,C1092918000191,天添向上2号,浙江泰隆商业银行股份有限公司,二级(中低),N/A,人民币(CNY),每日,50000,2018/08/30,2050/12/30,03,03,2025-05-16,1.0,1.20095,1.07278
1733832,C1092918000192,人生盈家35天型,浙江泰隆商业银行股份有限公司,二级(中低),N/A,人民币(CNY),每日,50000,2018/08/30,2099/12/31,03,03,2025-05-16,1.0,1.23003,1.23003
1798373,C1091918000365,云南红塔银行“红塔财富”筑梦系列天天复盈开放式净值型人民币理财产品,云南红塔银行股份有限公司,一级(低),N/A,人民币(CNY),每日,10000,2018/12/12,2099/12/31,03,03,2025-05-16,1.0,1.0,1.0
1897810,C1080919000244,红玫瑰添元理财产品第1期,盛京银行股份有限公司,二级(中低),N/A,人民币(CNY),每日,50000,2019/04/25,2099/12/31,03,03,2025-05-16,1.0,1.21487,1.21487
2306173,Z7006924000202,浦银理财天添盈增利51号现金管理产品,浦银理财有限责任公司,一级(低),固定收益类,人民币(CNY),每日,0.01,2025/03/14,2099/12/30,03,03,2025-05-16,1.0,1.0,1.0
2306296,Z7002624000188,信银理财安盈象固收稳益三个月封闭式81号理财产品,信银理财有限责任公司,一级(低),固定收益类,人民币(CNY),3-6个月(含),1,2025/05/20,2025/09/01,01,03,,,,
2307790,Z7003924000079,华夏理财现金管理类理财产品62号,华夏理财有限责任公司,一级(低),固定收益类,人民币(CNY),每日,0.01,2025/02/21,2099/12/29,03,03,2025-05-16,1.0,1.0,1.0
2307792,Z7003924000081,华夏理财现金管理类理财产品63号,华夏理财有限责任公司,一级(低),固定收益类,人民币(CNY),每日,0.01,2025/02/21,2099/12/29,03,03,2025-05-16,1.0,1.0,1.0
2307797,Z7003924000086,华夏理财现金管理类理财产品56号,华夏理财有限责任公司,一级(低),固定收益类,人民币(CNY),每日,0.01,2025/04/16,9999/12/31,03,03,2025-05-16,1.0,1.0,1.0
2307801,Z7003924000090,华夏理财现金管理类理财产品57号,华夏理财有限责任公司,一级(低),固定收益类,人民币(CNY),每日,0.01,2025/03/26,9999/12/31,03,03,2025-05-16,1.0,1.0,1.0
2307802,Z7003924000091,华夏理财现金管理类理财产品58号,华夏理财有限责任公司,一级(低),固定收益类,人民币(CNY),每日,0.01,2025/03/26,9999/12/31,03,03,2025-05-16,1.0,1.0,1.0
2307805,Z7003924000094,华夏理财现金管理类理财产品49号,华夏理财有限责任公司,一级(低),固定收益类,人民币(CNY),每日,0.01,2025/05/08,9999/12/31,03,03,2025-05-16,1.0,1.0,1.0
2312742,Z7002624000571,信银理财日盈象天天利193号现金管理型理财产品,信银理财有限责任公司,一级(低),固定收益类,人民币(CNY),每日,1,2025/03/31,2099/12/29,03,03,2025-05-16,1.0,1.0,1.0
2312753,Z7002624000582,信银理财日盈象天天利204号现金管理型理财产品,信银理财有限责任公司,一级(低),固定收益类,人民币(CNY),每日,1,2025/04/17,2099/12/29,03,03,2025-05-16,1.0,1.0,1.0
2312755,Z7002624000584,信银理财日盈象天天利206号现金管理型理财产品,信银理财有限责任公司,一级(低),固定收益类,人民币(CNY),每日,1,2025/04/23,2099/12/29,03,03,2025-05-16,1.0,1.0,1.0
2312756,Z7002624000585,信银理财日盈象天天利207号现金管理型理财产品,信银理财有限责任公司,一级(低),固定收益类,人民币(CNY),每日,1,2025/04/29,2099/12/29,03,03,2025-05-16,1.0,1.0,1.0
2312760,Z7002624000589,信银理财日盈象天天利211号现金管理型理财产品,信银理财有限责任公司,一级(低),固定收益类,人民币(CNY),每日,1,2025/04/02,2099/12/29,03,03,2025-05-16,1.0,1.0,1.0
2312761,Z7002624000590,信银理财日盈象天天利212号现金管理型理财产品,信银理财有限责任公司,一级(低),固定收益类,人民币(CNY),每日,1,2025/04/30,2099/12/29,03,03,2025-05-16,1.0,1.0,1.0
2313248,Z7002624000602,信银理财日盈象天天利216号现金管理型理财产品,信银理财有限责任公司,一级(低),固定收益类,人民币(CNY),每日,1,2025/03/20,2099/12/29,03,03,2025-05-16,1.0,1.0,1.0
2315472,Z7008924000137,北银理财京华远见春系列天天金16号理财产品,北银理财有限责任公司,一级(低),固定收益类,人民币(CNY),每日,1,2025/05/16,2099/12/31,03,03,,,,
2315634,Z7008924000149,北银理财京华远见春系列天天金19号理财产品,北银理财有限责任公司,一级(低),固定收益类,人民币(CNY),每日,1,2025/04/01,2099/12/31,03,03,2025-05-16,1.0,1.00711,1.00711
2315635,Z7008924000150,北银理财京华远见春系列天天金20号理财产品,北银理财有限责任公司,一级(低),固定收益类,人民币(CNY),每日,1,2025/04/11,2099/12/31,03,03,2025-05-16,1.0,1.00506,1.00506
2319994,Z7001924000429,邮银财富·邮鸿宝32号,中邮理财有限责任公司,一级(低),固定收益类,人民币(CNY),每日,0.01,2025/04/24,2045/04/24,03,03,2025-05-16,1.0,1.0014,1.0
2320000,Z7001924000434,邮银财富·邮鸿宝30号,中邮理财有限责任公司,一级(低),固定收益类,人民币(CNY),每日,0.01,2025/04/24,2045/04/24,03,03,2025-05-16,1.0,1.0018,1.0
2320004,Z7001924000437,邮银财富·零钱宝32号,中邮理财有限责任公司,一级(低),固定收益类,人民币(CNY),每日,0.01,2025/04/16,2045/04/16,03,03,2025-05-16,1.0,1.0025,1.0
2320005,Z7001924000438,邮银财富·零钱宝33号,中邮理财有限责任公司,一级(低),固定收益类,人民币(CNY),每日,0.01,2025/04/16,2045/04/16,03,03,2025-05-16,1.0,1.0025,1.0
2320006,Z7001924000439,邮银财富·零钱宝34号,中邮理财有限责任公司,一级(低),固定收益类,人民币(CNY),每日,0.01,2025/04/16,2045/04/16,03,03,2025-05-16,1.0,1.0025,1.0
2320007,Z7001924000440,邮银财富·邮鸿宝29号,中邮理财有限责任公司,一级(低),固定收益类,人民币(CNY),每日,0.01,2025/03/14,2045/03/14,03,03,2025-05-16,1.0,1.0039,1.0
2320009,Z7001924000442,邮银财富·零钱宝30号,中邮理财有限责任公司,一级(低),固定收益类,人民币(CNY),每日,0.01,2025/04/16,2045/04/16,03,03,2025-05-16,1.0,1.0025,1.0
2320018,Z7001924000448,邮银财富·零钱宝27号,中邮理财有限责任公司,一级(低),固定收益类,人民币(CNY),每日,0.01,2025/04/16,2045/04/16,03,03,2025-05-16,1.0,1.0025,1.0
2320019,Z7001924000449,邮银财富·零钱宝31号,中邮理财有限责任公司,一级(低),固定收益类,人民币(CNY),每日,0.01,2025/04/16,2045/04/16,03,03,2025-05-16,1.0,1.0025,1.0
787951,C1050415000080,代客境外理财产品(海外基金系列)- 贝莱德环球企业债券基金（美元-人民币）,恒生银行（中国）有限公司,二级(中低),固定收益类,人民币(CNY),每日,100000,2015/03/23,2999/12/31,03,03,2025-05-16,11.35,9.74,9.74
787952,C1050415000081,代客境外理财产品(海外基金系列)- 贝莱德环球企业债券基金（美元）,恒生银行（中国）有限公司,二级(中低),固定收益类,美元(USD),每日,20000,2015/03/23,2999/12/31,03,03,2025-05-16,11.35,9.74,9.74
